id,quesm2,ativcolm2,forum5,forum6,forum7,ativcolm2r,quesm2r,forum8,forum2r,aprovado,quesm1,quesm1r,forum1,forum2,forum3,forum4,ativcolm1,ativcolm1r,forum1r
7,1,1,1,1,1,0,0,1,0,Sim,1,0,1,0,1,1,1,0,0
33,1,1,1,0,1,0,0,1,1,Sim,1,0,1,1,1,1,1,0,1
45,1,1,1,0,1,0,0,1,0,Sim,1,0,1,1,1,1,1,0,0
50,0,1,0,0,0,0,0,0,0,Sim,1,0,0,0,1,0,1,0,0
58,0,0,0,0,0,0,0,0,0,Não,0,0,0,0,0,0,0,0,0
59,0,0,0,0,0,0,0,0,0,Não,0,0,0,0,0,0,0,0,0
67,1,1,1,0,0,0,0,0,0,Não,1,1,1,1,1,1,1,1,1
70,1,1,1,1,1,1,0,1,0,Não,1,0,1,1,0,1,1,0,0
73,1,0,1,1,1,1,0,1,0,Não,1,0,1,1,1,1,1,0,0
82,1,0,0,0,0,0,1,0,0,Não,1,1,1,0,1,1,1,0,0
86,1,1,1,1,1,0,1,1,1,Sim,1,1,1,1,1,1,1,0,0
91,1,1,1,1,1,0,0,1,0,Sim,1,0,0,0,0,1,1,0,0
97,1,1,0,0,0,1,1,0,0,Sim,1,1,1,1,1,1,1,0,1
126,1,1,1,0,0,0,0,1,0,Sim,1,1,1,1,1,1,1,0,0
137,1,0,0,0,0,0,0,0,0,Não,0,0,0,0,0,0,0,0,0
143,1,0,1,1,0,0,0,1,0,Não,1,0,0,0,0,0,0,0,0
144,1,1,1,1,1,0,0,1,0,Sim,1,1,1,1,1,1,1,0,0
146,1,1,0,1,1,0,0,0,0,Sim,1,0,1,1,1,1,1,0,0
152,0,1,1,1,1,0,0,0,0,Não,1,0,1,1,1,1,1,0,0
169,1,1,1,1,1,0,0,1,0,Sim,1,0,1,1,1,1,1,0,0
198,0,0,0,0,0,0,0,0,0,Não,0,0,0,0,0,0,0,0,0
199,1,1,1,1,1,0,1,0,0,Sim,0,1,1,0,0,0,0,1,1
204,1,1,1,1,1,0,0,1,0,Não,1,1,1,1,1,1,0,1,1
218,1,1,1,1,1,0,0,1,0,Sim,1,1,1,1,1,1,1,0,0
231,1,1,1,1,1,0,1,1,0,Não,1,0,1,1,1,1,1,0,0
232,0,0,0,0,0,0,0,0,0,Não,0,1,0,0,0,0,0,0,0
237,0,0,0,0,0,0,0,0,0,Não,0,0,0,0,0,0,0,0,0
247,1,0,1,0,0,0,1,0,1,Não,1,0,1,1,1,1,1,0,0
271,0,0,0,0,0,0,1,0,0,Não,0,1,0,1,1,0,0,0,1
291,1,1,1,1,1,0,0,0,0,Não,1,1,1,1,1,1,1,0,0
303,1,1,0,1,0,1,0,1,0,Sim,1,1,1,1,1,1,1,0,0
308,1,1,1,0,0,0,0,0,0,Sim,1,0,1,1,1,1,1,0,0
315,0,0,0,0,0,0,0,0,0,Não,0,0,0,0,0,0,0,0,0
316,1,1,1,1,0,0,0,1,1,Sim,1,0,1,1,1,1,1,0,0
326,0,0,0,0,0,0,0,0,0,Não,0,0,1,1,1,0,0,0,0
329,1,0,1,0,0,0,0,0,0,Não,1,0,1,1,1,1,1,0,0
330,1,1,0,0,0,0,0,0,0,Não,1,0,0,0,1,1,1,0,0
335,1,1,1,1,1,0,0,0,0,Sim,0,0,1,1,0,0,0,0,0
337,1,1,0,0,0,0,0,0,1,Não,1,1,1,1,1,0,1,0,0
339,0,0,0,0,0,0,0,0,0,Não,0,0,1,0,0,0,1,0,0
400,1,1,1,0,1,0,0,1,0,Não,1,0,1,1,1,1,1,0,0
451,1,1,0,0,0,0,0,0,0,Não,1,0,1,1,1,1,0,0,0
464,1,1,0,1,0,0,0,0,0,Não,0,1,0,0,0,0,0,0,0
487,0,1,0,0,0,1,0,0,0,Sim,0,0,0,0,0,0,1,1,0
488,1,1,1,1,1,0,0,1,0,Sim,1,1,1,1,1,0,1,0,0
498,1,1,0,0,0,0,1,0,1,Não,1,0,1,1,1,1,1,0,0
527,1,0,1,0,0,0,0,1,0,Sim,1,0,1,1,1,0,1,0,0
545,1,0,1,1,1,0,0,1,0,Sim,1,0,1,1,1,1,1,0,0
577,1,1,1,1,1,0,0,1,0,Sim,1,0,1,1,1,1,1,0,0
589,1,1,1,1,1,0,0,1,0,Não,1,1,1,1,1,0,0,1,1
604,1,1,1,1,1,0,0,1,0,Sim,1,0,1,1,1,1,1,0,0
613,1,1,1,1,1,0,0,1,0,Sim,1,0,1,1,1,1,1,0,0
622,1,1,1,1,1,0,1,1,1,Não,0,1,1,1,1,1,1,0,1
630,1,1,1,1,1,0,0,1,0,Sim,1,0,1,1,1,1,1,0,0
635,1,0,0,1,1,1,1,1,0,Sim,1,1,1,1,1,1,0,1,1
640,1,1,1,1,1,0,0,1,0,Sim,1,0,1,1,1,1,1,0,0
646,1,1,1,1,0,0,0,1,0,Sim,1,1,1,1,1,1,1,1,1
650,1,0,1,1,1,0,0,1,0,Não,1,1,1,1,1,1,1,0,0
652,1,1,0,0,0,0,0,0,0,Sim,1,0,1,1,1,0,1,0,0
658,0,1,0,1,0,1,1,1,0,Não,0,0,1,1,1,1,1,0,0
667,1,0,1,0,1,1,1,1,1,Não,1,1,1,0,1,1,1,0,1
668,1,0,0,0,0,0,0,1,0,Sim,1,0,1,1,1,1,0,0,0
671,1,1,1,1,0,0,0,1,0,Sim,0,1,1,1,1,1,1,0,0
689,1,1,1,1,1,0,1,1,0,Sim,1,1,1,1,1,1,1,0,0
696,1,0,1,1,1,0,0,1,0,Sim,1,0,1,1,1,0,1,0,1
720,1,1,0,0,0,0,1,1,0,Sim,1,1,1,1,1,1,1,0,0
738,1,0,0,0,0,0,0,1,0,Sim,0,0,1,1,1,1,0,0,0
739,1,1,1,1,1,0,0,1,0,Sim,1,0,1,1,1,1,1,0,0
742,0,0,1,0,0,0,0,0,0,Não,0,0,1,1,1,0,0,0,0
746,1,0,1,1,1,0,0,1,0,Sim,0,1,1,1,1,1,0,0,1
749,0,0,0,0,0,0,0,0,0,Sim,0,0,1,1,1,1,0,0,0
750,0,1,0,0,0,0,0,0,0,Não,0,0,1,1,0,1,1,0,0
751,1,1,0,1,1,0,0,1,0,Sim,1,0,1,1,1,1,1,0,0
754,1,1,1,1,1,0,0,1,0,Sim,1,0,1,1,1,1,1,0,0
776,0,0,0,0,0,0,0,0,0,Não,1,0,1,1,1,0,0,0,0
778,1,1,1,0,1,0,1,0,0,Não,0,1,1,1,1,0,0,0,1
795,1,1,0,0,0,0,0,0,0,Não,1,0,1,1,0,0,1,0,0
799,0,0,0,0,0,0,0,0,0,Não,1,0,1,1,1,1,0,0,0
803,0,0,0,0,0,0,0,0,0,Não,0,0,1,1,1,1,0,0,0
806,1,1,1,1,1,0,0,1,0,Sim,1,0,1,1,1,1,1,0,0
814,0,1,1,0,1,0,0,0,0,Sim,1,0,1,1,1,1,1,0,0
820,1,0,1,1,1,0,0,1,0,Não,1,0,1,1,1,1,0,0,0
821,1,1,1,0,1,0,0,0,0,Não,1,1,1,1,1,1,1,0,0
827,1,1,1,1,0,0,0,1,0,Não,1,1,1,1,1,1,0,1,1
840,1,1,1,1,1,0,0,1,0,Sim,1,0,1,1,1,1,1,0,0
852,1,1,1,0,0,0,0,0,0,Não,1,0,1,1,1,0,1,0,0
866,0,0,0,0,0,0,1,0,1,Não,1,1,1,1,1,1,0,0,0
913,0,1,0,0,0,1,1,0,0,Sim,0,1,0,1,0,0,1,1,1
931,1,0,0,0,0,0,0,0,0,Não,1,0,1,1,1,1,0,0,0
933,1,1,1,1,1,0,1,1,0,Sim,1,1,1,1,1,1,0,1,1
948,1,1,1,1,1,0,0,1,0,Não,1,1,1,1,1,1,1,0,0
956,1,1,1,1,1,1,0,1,0,Sim,1,0,1,1,1,1,1,1,0
959,1,1,0,1,1,0,0,0,0,Sim,1,1,1,1,1,1,1,1,1
964,0,0,0,0,0,0,0,0,0,Não,1,0,1,1,1,1,1,0,0
977,1,1,0,1,0,0,0,0,0,Não,1,0,1,1,1,1,1,0,0
1001,1,1,1,1,0,0,0,0,0,Sim,1,0,1,1,1,1,0,0,0
1016,1,0,1,0,1,0,0,1,0,Não,1,0,1,1,1,1,0,0,0
1020,1,1,1,1,1,0,1,1,1,Não,1,0,1,1,1,1,1,0,0
1024,1,1,1,1,1,0,0,1,0,Sim,1,0,1,1,1,1,1,0,0
1028,1,1,1,1,0,0,0,0,0,Não,1,0,1,1,1,1,1,0,0
1042,1,0,1,1,0,1,1,1,1,Não,1,1,1,1,1,0,0,0,1
1046,1,1,1,1,1,0,0,1,0,Sim,1,0,1,1,1,1,1,0,0
1052,0,0,0,0,0,0,0,0,0,Não,0,0,0,0,0,0,0,0,0
1071,1,1,1,0,0,0,0,0,0,Não,1,1,1,1,1,1,1,0,0
1072,1,1,1,0,0,1,0,1,0,Não,0,1,0,0,0,0,0,1,1
1082,1,1,1,0,0,0,1,0,1,Sim,1,1,0,1,1,1,1,0,0
1086,1,0,0,1,1,0,0,1,0,Sim,1,0,1,1,1,1,0,0,0
1088,1,1,1,1,1,0,0,0,0,Sim,1,0,1,1,1,1,1,0,0
1089,1,1,1,1,1,0,0,1,0,Sim,1,0,1,1,1,1,1,0,0
1094,0,0,0,0,0,0,0,0,0,Não,0,0,0,0,0,0,0,0,0
1114,0,0,0,0,0,1,1,0,1,Sim,1,0,1,1,1,1,1,0,0
1118,1,1,1,1,1,0,1,1,0,Não,1,0,1,1,1,1,1,0,0
1133,1,1,0,0,0,1,1,0,1,Sim,1,0,0,1,1,1,1,1,1
1150,0,0,0,1,0,0,0,0,0,Não,0,0,1,0,0,1,0,0,0
1188,1,1,1,1,1,0,0,1,0,Não,1,0,1,1,1,1,1,0,0
1214,1,1,1,0,1,0,0,0,0,Não,1,1,1,1,1,1,1,0,0
1224,0,0,0,0,0,0,0,0,0,Não,1,1,1,0,0,0,0,0,0
1241,1,1,1,1,1,0,0,1,0,Sim,1,0,1,1,1,0,0,0,0
1242,1,0,0,0,0,0,0,0,0,Não,0,0,1,1,1,0,0,0,0
1285,0,1,1,1,1,0,0,0,0,Não,1,1,1,1,1,1,1,0,0
1292,1,1,1,1,1,0,0,1,0,Sim,1,0,1,1,1,1,1,0,0
1299,1,1,1,1,1,0,0,1,0,Não,1,0,1,1,1,1,1,0,0
1383,1,0,1,1,1,0,1,0,0,Sim,0,1,1,1,0,0,0,1,1
1385,1,1,1,0,1,0,0,1,0,Sim,1,0,1,1,1,1,1,0,0
1403,0,0,0,0,0,0,0,0,0,Não,0,0,1,0,0,0,0,0,0
1410,1,1,0,1,1,0,0,1,0,Não,1,1,1,1,1,1,0,0,1
1419,0,0,1,1,0,1,1,1,1,Sim,1,0,1,1,1,1,1,0,0
1420,1,0,0,0,0,0,1,0,0,Sim,0,1,1,1,1,0,0,0,1
1447,1,0,1,0,0,0,0,0,0,Não,0,1,1,1,1,1,0,0,1
1449,0,0,0,0,0,0,0,0,0,Não,0,0,1,1,1,1,1,0,0
1461,1,0,1,0,1,0,0,1,0,Sim,0,1,1,1,1,1,0,1,1
1462,1,1,1,1,1,0,0,1,0,Sim,1,0,1,1,1,1,1,0,0
1466,1,1,1,1,1,0,1,0,1,Sim,1,1,1,1,1,1,1,0,0
1489,1,1,1,1,0,0,0,1,0,Sim,1,0,1,1,1,1,1,0,0
1495,1,1,1,1,1,0,0,1,0,Sim,1,0,1,1,1,1,1,0,0
1500,0,0,0,0,0,0,0,0,0,Não,1,0,1,0,0,0,1,0,0
1512,1,1,1,1,0,0,0,1,0,Sim,0,1,1,1,1,1,1,0,0
1524,1,1,1,1,1,0,0,1,0,Sim,1,0,1,1,1,1,1,0,0
1540,1,1,0,1,0,0,0,0,0,Não,0,1,1,1,1,1,1,0,0
1548,0,0,0,0,0,0,0,0,0,Não,0,0,0,0,0,0,0,0,0
1550,1,0,0,0,1,0,1,0,0,Não,1,0,1,1,1,1,1,0,0
1578,1,1,0,0,0,0,0,0,1,Não,1,0,1,1,1,1,1,0,0
1582,0,0,0,0,0,1,1,0,1,Não,1,0,1,1,1,1,1,0,0
1589,1,1,1,0,0,0,0,0,1,Não,1,0,1,1,1,1,1,0,0
1590,1,1,1,1,1,0,0,1,0,Sim,1,0,1,1,1,1,1,0,0
1605,1,1,1,1,1,0,0,0,0,Sim,1,0,1,1,1,1,1,0,0
1610,0,0,0,0,0,1,0,0,1,Sim,0,1,1,1,1,0,1,1,1
1612,1,1,0,0,0,0,0,0,0,Não,1,0,1,1,1,1,1,0,0
1640,1,1,1,1,1,0,0,1,0,Sim,1,0,1,1,1,1,1,0,0
1644,1,0,1,0,0,0,0,0,0,Não,1,0,1,1,1,1,1,0,0
1649,0,0,0,1,0,1,1,0,1,Não,0,1,1,1,1,1,0,1,1
1672,0,0,0,0,0,0,0,0,0,Não,0,0,1,1,1,0,0,0,0
1689,0,1,0,1,0,0,0,0,0,Não,0,0,0,0,0,0,0,0,0
1698,1,1,0,0,0,0,0,0,1,Não,1,0,1,1,1,1,1,0,0
1728,0,0,0,0,0,0,0,0,0,Não,0,0,1,1,1,1,0,0,0
1735,0,1,1,1,1,1,1,0,1,Não,1,0,1,1,1,1,1,1,0
1747,1,1,1,1,1,0,0,1,0,Não,0,1,1,1,1,0,0,1,0
1768,1,0,1,1,1,0,0,1,0,Não,1,0,1,1,1,1,1,0,0
1776,1,0,1,0,1,0,0,0,0,Sim,1,0,1,1,1,1,0,0,0
1792,1,1,1,0,1,0,0,0,0,Sim,1,0,1,1,1,1,1,0,0
1798,0,0,0,0,0,0,0,0,0,Não,0,0,0,0,0,0,0,0,0
1806,1,1,1,1,1,0,0,1,0,Não,1,0,1,1,1,1,1,0,0
1812,0,0,0,0,0,0,1,1,0,Não,1,0,1,1,1,1,1,0,0
1813,0,0,1,1,1,0,0,0,0,Não,1,0,0,0,0,0,0,0,0
1816,1,0,0,1,0,0,0,0,0,Não,0,0,1,1,1,1,1,0,0
1825,1,1,1,1,1,0,0,1,0,Sim,1,0,1,1,1,1,1,0,0
1834,0,0,0,0,0,0,1,0,0,Não,0,0,0,0,0,0,0,0,0
1857,1,1,1,0,1,0,0,1,0,Sim,1,1,1,1,1,1,1,0,0
1866,1,1,1,0,1,0,0,0,0,Sim,1,0,1,1,1,0,1,0,0
1878,1,1,1,1,0,0,0,1,0,Sim,1,0,1,1,1,1,1,0,0
1885,1,1,1,1,1,0,0,1,0,Sim,1,0,1,1,1,1,1,0,0
1911,0,0,0,0,0,0,0,0,0,Não,0,0,0,0,0,0,0,0,0
1919,1,1,0,1,1,0,1,0,0,Sim,1,1,1,1,1,1,1,0,1
1925,1,1,0,1,1,0,1,0,0,Não,0,1,1,1,1,1,0,1,1
1928,1,1,1,0,0,1,1,0,1,Não,1,1,1,1,1,0,0,1,0
1931,1,1,0,0,0,1,1,0,1,Sim,1,0,1,1,1,1,1,0,0
1937,0,0,0,0,0,0,0,0,0,Não,0,0,0,0,0,0,0,0,0
1945,1,1,1,1,0,1,1,0,1,Sim,1,0,1,1,1,1,1,0,0
1955,1,1,1,1,1,1,1,1,1,Não,1,1,1,1,1,1,0,1,1
1976,1,1,1,1,1,0,0,1,0,Sim,1,0,1,1,1,1,1,0,0
1980,1,1,0,0,0,0,1,0,0,Sim,1,0,1,1,1,0,1,0,0
2002,0,0,1,0,0,0,0,0,0,Não,1,0,1,1,1,1,1,0,0
2014,1,1,1,0,0,0,0,0,0,Sim,1,0,1,1,1,1,1,0,0
2030,0,0,0,0,0,0,0,0,0,Não,0,0,0,0,0,0,0,0,0
2057,1,1,1,1,1,0,0,1,0,Não,1,1,1,1,1,1,1,0,0
2080,1,1,0,1,1,1,1,0,1,Sim,1,1,1,1,1,1,1,0,0
2086,1,0,0,0,0,0,0,0,0,Sim,1,0,1,1,1,1,0,0,0
2098,1,0,0,1,0,1,1,1,0,Sim,0,1,0,0,0,0,0,1,1
2100,1,1,1,0,1,0,0,1,0,Sim,1,1,1,1,1,1,1,0,0
2102,1,1,1,1,1,0,0,1,0,Sim,1,0,1,1,1,1,1,0,0
2145,1,1,1,0,1,0,0,0,0,Sim,1,0,1,1,1,1,1,0,0
2147,0,0,0,0,0,0,0,0,0,Não,1,0,1,1,1,1,1,0,0
2158,0,0,0,0,0,0,0,0,0,Não,0,0,0,0,0,0,0,0,0
2248,1,1,1,1,1,0,0,1,0,Não,1,0,1,1,1,1,1,0,0
2266,0,0,0,0,0,0,0,0,0,Não,1,0,1,0,0,0,1,0,0
2275,1,1,1,1,1,0,0,1,0,Não,1,1,1,1,1,1,1,1,0
2293,1,1,1,0,0,0,0,1,0,Sim,1,0,1,1,1,1,1,0,0
2325,0,0,1,1,1,0,1,1,1,Não,1,0,1,1,1,1,1,0,0
2334,0,0,1,0,1,0,1,0,0,Não,0,1,1,1,1,0,0,0,1
2337,0,0,0,0,0,0,0,0,0,Não,0,0,0,0,0,0,0,0,0
2342,1,1,1,1,1,0,0,1,0,Sim,1,0,1,1,1,1,1,0,0
2343,1,1,1,1,0,0,1,1,0,Sim,1,0,1,1,1,1,1,0,0
2346,0,0,0,0,0,0,0,0,0,Não,0,0,1,1,1,1,0,0,0
2355,1,1,1,1,1,1,1,1,0,Sim,0,1,1,0,0,0,0,1,0
2378,0,0,0,0,0,0,0,0,0,Não,0,0,0,0,0,0,0,0,0
2392,1,1,0,1,1,1,1,1,1,Não,1,0,1,1,1,1,1,0,0
2407,1,1,1,1,1,0,0,1,0,Não,1,1,1,1,1,1,1,1,0
2414,1,1,1,1,1,0,0,1,0,Sim,1,0,1,1,1,1,0,0,0
2416,1,1,1,0,1,0,0,0,1,Não,0,1,1,1,1,1,0,1,1
2418,0,0,0,0,0,0,0,0,0,Não,1,0,1,1,1,1,1,0,0
2423,0,0,0,0,0,0,0,0,0,Não,0,0,1,1,0,0,1,0,0
2433,1,0,0,0,0,0,0,0,0,Não,0,0,0,0,0,0,0,0,0
2444,1,0,1,1,1,0,1,1,0,Sim,1,1,1,1,1,1,0,0,0
2448,0,1,0,0,0,0,0,0,0,Não,1,0,1,1,1,0,1,1,0
2452,1,0,1,1,1,0,0,1,0,Sim,1,0,1,1,1,1,1,0,0
2465,1,1,1,0,1,0,0,1,0,Não,1,0,1,1,1,1,1,0,0
2472,1,1,0,0,0,0,0,0,0,Não,1,0,1,1,1,1,1,0,0
2480,1,1,1,1,1,0,0,1,0,Não,1,0,1,1,1,1,1,0,0
2481,1,0,0,0,0,1,1,0,1,Não,0,1,0,0,0,0,0,0,0
2495,0,0,0,0,0,0,0,0,0,Não,1,0,1,1,1,1,1,0,0
2499,1,1,1,1,1,0,0,1,0,Sim,1,0,1,1,1,1,1,0,0
2503,1,0,1,1,1,0,0,1,0,Sim,1,0,1,1,1,1,0,0,0
2511,0,0,1,0,0,0,0,0,0,Não,1,0,1,1,1,1,1,0,0
2522,1,0,1,1,1,1,1,1,1,Sim,1,1,1,1,1,1,1,0,0
2529,1,1,1,1,1,0,0,1,0,Não,1,0,1,1,1,1,1,0,0
2561,1,1,0,0,0,0,0,0,1,Não,1,0,1,1,1,1,1,0,0
2562,0,0,1,1,1,0,0,0,0,Não,0,0,1,1,1,1,1,0,0
2568,1,1,0,0,0,1,1,0,1,Não,1,0,1,1,1,1,1,0,0
2570,1,1,1,1,1,0,0,1,1,Sim,0,1,0,0,0,0,1,1,1
2579,1,1,1,1,1,0,0,1,0,Sim,1,0,1,1,1,1,1,0,0
2581,0,0,0,0,0,0,0,0,0,Não,1,0,1,1,1,0,0,0,0
2615,0,0,1,0,0,0,0,0,0,Não,0,0,0,0,0,0,0,0,0
2618,1,1,1,1,0,0,0,0,0,Não,1,0,1,1,1,1,1,0,0
2619,1,1,1,1,1,0,1,1,0,Sim,1,0,1,1,1,1,1,0,0
2622,1,1,1,0,1,0,0,0,0,Não,1,0,1,1,1,1,1,0,0
2623,1,1,0,0,0,1,1,0,1,Sim,0,1,0,0,0,0,0,0,1
2629,1,0,0,1,1,0,0,0,0,Sim,1,0,1,1,1,1,1,0,0
2632,1,1,1,1,1,0,0,1,0,Sim,1,0,1,1,1,0,1,0,0
2655,1,1,1,1,0,0,0,1,0,Não,0,1,1,1,1,1,0,0,1
2666,0,1,0,0,0,0,0,0,0,Não,1,0,1,1,1,1,1,0,0
2671,1,0,1,1,1,0,0,1,0,Não,1,1,1,1,1,0,0,0,1
2691,1,1,1,1,1,0,0,1,0,Não,0,1,1,1,1,1,1,1,1
2698,1,1,1,1,1,0,0,1,0,Não,1,0,1,1,1,1,1,0,0
2730,0,0,1,1,0,0,0,1,0,Não,1,1,1,1,1,0,0,0,1
2740,1,1,1,0,1,0,0,1,0,Sim,1,1,1,1,1,1,1,0,0
2742,0,0,0,0,0,0,0,0,0,Não,0,0,0,0,0,0,0,0,0
2746,1,1,1,1,1,0,0,1,0,Sim,1,0,1,1,1,1,1,0,0
2757,1,1,1,1,1,0,0,1,0,Sim,1,1,1,1,1,1,1,0,0
2782,0,0,1,0,0,0,0,0,0,Não,1,0,1,1,1,1,0,0,0
2795,1,1,1,1,0,0,0,1,0,Sim,1,0,1,1,1,1,1,0,0
2796,0,0,0,0,0,0,0,0,0,Não,0,0,0,0,0,0,0,0,0
2827,1,1,0,0,0,0,0,0,0,Não,1,0,1,1,1,1,1,0,0
2840,1,0,0,0,0,0,0,0,0,Não,0,0,0,0,0,0,0,0,0
2842,1,1,1,1,1,0,0,1,0,Sim,1,0,1,1,1,1,1,0,0
2849,0,0,0,0,0,0,0,0,0,Não,1,0,1,1,1,1,0,0,0
2857,1,1,1,0,1,0,0,0,0,Sim,1,0,1,1,1,1,1,1,0
2859,0,0,1,1,0,0,1,1,1,Não,1,0,1,1,1,1,0,1,0
2872,1,0,1,1,1,0,0,1,0,Não,1,0,1,1,0,0,1,0,0
2903,0,0,0,0,0,0,0,0,0,Não,0,0,1,0,0,0,0,0,0
2914,0,0,0,0,1,0,1,0,0,Não,0,0,0,0,0,0,0,0,0
2921,1,0,0,0,1,0,0,0,0,Sim,1,0,1,1,1,1,1,0,0
2928,0,0,1,0,0,0,0,0,0,Não,1,0,1,1,1,1,0,0,0
2930,0,0,0,0,0,0,0,0,0,Não,0,0,0,0,0,0,0,0,0
2936,1,1,1,0,0,1,1,0,1,Não,1,0,1,1,1,1,1,0,0
2944,1,1,1,1,1,0,1,1,0,Não,1,1,1,1,0,1,1,1,1
2947,1,1,1,1,1,0,0,1,0,Sim,1,0,1,1,1,1,1,0,0
2955,0,0,0,0,0,0,0,0,0,Não,0,0,1,1,1,1,1,0,0
3001,1,1,1,1,1,0,0,1,0,Não,1,0,1,1,1,1,1,0,0
3018,1,1,1,1,1,0,0,1,0,Sim,1,0,1,1,1,1,1,1,0
3057,0,1,0,1,1,0,0,0,1,Sim,1,1,1,1,1,1,1,0,1
3058,0,0,0,0,0,0,0,0,0,Não,0,0,0,0,0,0,0,0,0
3061,1,1,1,1,0,0,0,0,0,Sim,1,0,1,1,1,1,1,0,0
3068,0,1,0,0,0,0,0,0,0,Não,0,0,1,1,0,0,0,0,0
3078,0,0,0,0,0,0,0,0,0,Não,0,0,1,1,0,0,0,0,0
3084,1,1,1,1,1,0,0,0,0,Sim,1,1,1,1,1,1,1,0,0
3101,0,0,0,0,0,0,0,0,0,Não,1,0,1,1,1,1,1,0,0
3105,1,0,0,0,0,0,0,0,0,Não,0,0,0,0,0,0,0,0,0
3106,0,0,0,0,0,0,0,0,0,Não,1,0,1,1,1,0,1,0,0
3110,0,0,0,0,0,0,0,0,0,Não,0,0,0,0,0,0,0,0,0
3124,1,1,1,1,1,1,0,0,0,Sim,0,1,1,1,1,0,0,0,1
3131,0,0,0,0,0,0,0,0,0,Não,0,0,1,1,1,0,0,0,0
3140,1,1,0,0,0,0,1,0,0,Sim,0,1,1,1,1,1,0,0,0
3148,1,1,1,0,0,0,1,0,0,Sim,1,1,1,1,1,1,1,0,0
3158,1,1,1,1,1,0,0,1,0,Sim,1,0,1,1,1,1,1,0,0
3174,1,1,1,1,1,0,0,1,0,Sim,1,1,1,1,1,1,0,1,1
3216,0,0,0,0,0,0,0,0,0,Não,0,0,0,0,0,0,0,0,0
3222,0,0,0,0,0,0,0,0,0,Não,1,0,1,1,0,0,1,0,0
3246,0,0,1,0,1,0,0,0,0,Não,1,1,1,1,1,0,1,0,0
3248,1,1,0,0,1,1,1,0,1,Sim,0,1,1,1,1,1,1,1,1
3253,1,1,1,1,1,1,1,0,1,Não,0,1,1,1,1,1,1,0,1
3258,1,0,1,1,1,0,0,1,0,Sim,1,0,1,1,1,1,1,0,0
3261,1,1,1,0,1,0,0,1,0,Não,1,0,1,1,1,1,1,0,0
3277,1,0,1,1,1,0,0,1,0,Sim,1,0,1,1,1,1,0,0,0
3279,1,1,1,1,0,0,0,1,0,Sim,1,0,1,1,1,1,1,0,0
3280,0,1,1,0,1,1,1,1,0,Sim,1,1,1,1,1,1,1,0,0
3313,1,1,1,1,1,0,0,1,0,Sim,1,0,1,1,1,1,1,0,0
3364,1,0,1,0,1,0,1,1,0,Sim,0,1,1,1,1,1,1,1,0
3407,1,0,1,0,0,0,0,0,0,Não,0,0,1,1,1,1,0,0,0
3425,1,0,0,1,1,0,0,0,0,Não,1,0,1,1,1,1,1,0,0
3432,1,0,1,1,1,0,1,1,1,Sim,0,1,1,1,1,0,0,0,0
3460,1,1,1,1,1,0,0,1,0,Sim,1,0,1,1,1,1,1,0,0
3501,0,0,0,0,0,0,0,0,0,Não,0,0,1,0,0,0,0,0,0
3528,0,1,1,1,1,0,0,1,0,Não,1,0,1,1,1,1,1,0,0
3585,0,0,1,0,0,0,0,0,0,Não,0,0,1,1,1,1,1,0,0
3604,1,0,1,1,1,0,0,1,0,Sim,1,0,1,1,1,1,1,0,0
3610,1,0,1,1,0,0,1,1,1,Não,1,1,1,1,1,1,0,1,1
3616,0,0,0,0,0,0,0,0,0,Não,0,0,1,1,0,0,0,0,0
3641,1,1,1,1,1,0,0,1,0,Sim,1,0,1,1,1,1,1,0,0
3645,0,0,0,0,0,0,0,0,0,Não,0,0,0,0,0,0,0,0,0
3657,0,0,0,0,0,0,0,0,0,Não,0,0,0,0,0,0,1,0,0
3663,1,0,0,0,0,0,0,0,0,Não,1,1,1,1,1,0,0,0,0
3664,1,1,1,1,1,0,0,1,0,Não,1,1,1,1,1,1,1,0,0
3666,1,0,1,1,1,0,0,1,0,Não,1,0,1,1,1,1,1,0,0
3667,1,1,1,0,0,0,0,0,0,Não,0,0,1,1,1,1,1,0,0
3669,1,1,1,1,1,1,0,1,0,Sim,1,0,0,0,1,1,1,0,1
3673,1,1,1,1,1,0,0,1,0,Não,1,0,1,1,1,1,1,0,0
3676,1,1,1,1,0,0,0,1,0,Não,1,0,1,1,1,1,1,0,0
3679,1,1,1,0,1,0,0,1,0,Sim,1,0,1,1,1,1,1,0,0
3690,1,1,1,1,1,0,0,1,0,Sim,1,0,1,1,1,1,1,0,0
3706,1,0,1,1,1,0,0,1,0,Sim,1,0,1,1,1,1,1,0,0
3707,1,1,1,1,0,0,0,1,0,Sim,0,0,1,1,1,0,1,0,0
3718,1,1,0,0,0,1,0,0,0,Sim,0,1,0,0,0,0,0,1,1
3726,1,1,0,1,1,0,0,1,0,Sim,1,1,1,1,1,1,1,0,0
3748,0,0,0,0,0,0,0,0,0,Não,1,1,1,1,1,1,1,1,0
3750,1,1,1,1,1,0,0,0,0,Sim,1,0,1,1,1,1,1,0,0
3764,1,1,1,1,1,0,0,1,0,Sim,1,1,1,1,1,1,1,0,0
3777,1,1,0,0,0,1,1,0,1,Sim,1,0,1,1,1,0,1,0,0
3784,1,0,1,1,1,0,0,1,0,Sim,1,1,1,1,1,1,1,0,0
3787,0,0,0,0,0,0,0,0,0,Não,0,1,1,1,1,1,0,0,1
3790,0,0,1,0,1,1,1,1,1,Não,0,1,1,1,1,1,0,1,1
3791,1,1,1,1,1,0,0,0,0,Não,1,0,1,1,1,1,1,0,0
3795,1,1,0,1,0,0,0,1,0,Sim,1,0,1,1,1,1,1,0,0
3822,0,1,1,0,1,1,1,1,0,Sim,0,1,1,1,1,1,1,1,0
3838,0,0,0,0,0,0,0,0,0,Não,0,0,1,0,0,0,0,0,0
3841,0,0,1,0,0,0,0,0,0,Não,1,0,1,1,1,0,0,0,0
3843,1,0,1,1,1,0,0,1,0,Não,1,0,1,1,1,1,1,0,0
3845,1,1,1,1,1,0,0,1,0,Não,0,1,0,0,0,1,0,1,0
3897,1,1,1,1,1,0,0,0,0,Sim,0,1,1,1,1,1,1,0,0
3903,1,0,1,1,1,1,1,0,1,Sim,1,0,1,1,1,1,1,1,1
3906,1,1,0,0,0,0,0,1,0,Sim,1,0,1,1,1,1,1,0,0
3937,0,0,0,0,0,0,0,0,0,Não,0,0,0,0,0,0,0,0,0
3943,1,1,1,1,1,0,0,1,0,Sim,1,0,1,1,1,1,1,1,0
3949,0,1,0,1,0,0,0,0,0,Não,0,0,0,0,0,0,1,0,0
3952,1,1,1,0,1,0,0,1,0,Sim,1,0,1,1,1,1,1,0,0
3954,1,1,1,1,0,0,0,0,0,Sim,0,0,1,1,1,1,1,0,0
3987,1,1,0,0,0,1,1,0,0,Sim,1,0,1,1,1,0,1,0,0
3993,1,1,1,0,1,1,1,0,1,Sim,1,1,1,1,1,1,1,1,1
4063,1,1,1,1,1,0,0,1,0,Sim,1,1,1,1,1,1,1,0,0
4069,0,0,0,0,0,0,0,0,0,Não,0,0,0,0,0,0,0,0,0
4106,1,1,1,1,1,0,0,1,0,Sim,1,0,1,1,1,1,1,0,0
4112,1,0,1,1,1,0,0,1,0,Sim,1,0,1,1,1,1,1,0,0
4114,1,1,1,1,0,0,0,1,0,Sim,1,1,1,1,1,1,0,0,0
4129,0,0,1,1,1,0,0,1,0,Sim,1,0,1,1,1,1,1,0,0
4143,1,0,1,0,1,0,0,1,0,Sim,1,1,1,1,1,1,0,0,1
4157,1,1,1,1,1,1,1,1,1,Não,1,1,1,1,1,1,1,1,1
4158,1,0,1,1,1,0,0,1,0,Sim,1,0,1,1,1,1,1,0,0
4159,1,1,1,1,1,0,0,1,0,Sim,0,0,1,1,1,1,1,0,0
4161,0,0,0,0,0,0,0,0,0,Sim,0,0,0,0,0,0,1,0,0
4165,1,1,1,0,0,0,0,0,0,Não,0,0,1,1,1,1,1,0,0
4166,1,0,0,1,1,1,0,1,0,Não,1,1,1,1,1,1,0,0,0
4181,1,0,0,0,0,0,0,0,0,Não,0,0,0,0,0,0,0,0,0
4188,1,1,1,1,1,0,0,1,0,Sim,1,0,1,1,1,1,1,0,0
4191,1,0,0,1,0,1,1,1,1,Sim,1,0,1,1,1,1,1,0,0
4192,0,0,0,0,0,0,0,0,0,Não,1,0,1,1,1,1,1,0,0
4201,1,0,0,0,0,0,0,0,0,Não,1,0,1,1,1,1,1,0,0
4228,1,1,1,1,1,1,0,0,0,Sim,1,0,1,1,1,1,1,0,0
4238,0,1,0,0,0,1,1,0,1,Sim,1,1,0,1,1,0,1,0,0
4261,0,1,0,0,0,0,0,0,0,Não,0,1,1,1,1,1,0,0,0
4265,1,1,0,0,0,0,0,1,0,Sim,0,0,1,1,1,1,1,0,0
4267,0,1,1,0,0,0,0,0,0,Não,1,0,1,1,1,1,1,0,0
4280,1,0,0,0,0,0,0,0,0,Não,0,0,0,0,0,0,1,0,0
4281,0,1,0,0,0,0,1,0,0,Não,0,1,1,1,1,1,0,0,0
4287,1,1,1,0,1,0,0,1,0,Não,1,1,1,1,1,1,1,0,1
4289,1,0,1,0,1,0,1,0,1,Sim,1,0,1,0,1,1,1,0,0
4298,1,0,1,0,1,0,0,1,0,Não,0,0,1,1,1,0,0,0,0
4305,1,0,0,0,0,0,0,0,0,Não,0,0,0,0,0,0,0,0,0
4312,1,1,0,1,1,0,0,1,0,Sim,1,1,1,1,1,1,1,1,1
4346,1,0,1,1,1,0,0,1,0,Não,1,0,1,1,1,1,0,0,0
4378,0,0,0,0,0,0,0,0,0,Não,0,0,1,1,1,1,0,0,0
4381,1,1,0,0,0,0,1,0,1,Sim,1,0,1,1,1,0,1,0,0
4383,0,0,0,0,0,0,0,0,0,Não,0,0,1,1,1,1,1,0,0
4390,1,1,1,1,1,0,0,1,0,Sim,0,1,1,1,1,0,0,1,1
4395,1,1,1,0,0,0,0,1,0,Sim,1,0,1,1,1,1,1,0,0
4396,1,1,1,1,0,0,0,1,0,Não,1,1,1,1,1,1,1,0,0
4409,1,1,1,1,1,0,1,1,1,Não,1,1,1,0,0,0,0,1,1
4429,1,1,1,1,0,0,0,0,0,Não,1,0,1,1,0,1,1,0,0
4448,1,1,1,1,1,0,0,1,0,Não,1,0,1,1,1,1,1,0,0
4450,1,0,0,0,1,0,1,0,1,Não,0,0,1,1,1,0,1,0,0
4453,1,0,0,0,0,0,0,0,0,Sim,0,0,1,1,1,1,1,0,0
4460,0,0,1,1,0,0,0,0,0,Não,1,0,1,1,1,1,0,0,0
4482,1,1,1,1,1,0,0,1,0,Sim,1,0,1,1,1,1,1,0,0
4502,1,1,1,1,1,0,0,1,0,Não,1,1,1,1,1,1,1,0,0
4512,1,1,1,0,0,0,0,0,0,Sim,1,1,1,1,1,1,1,0,0
4520,1,1,1,0,1,0,0,0,0,Sim,1,1,1,1,1,1,1,0,0
4545,1,1,1,0,0,0,0,0,0,Sim,1,0,1,1,1,1,1,0,0
4561,0,0,1,0,0,1,0,1,0,Não,1,1,1,1,1,1,1,0,0
4564,1,1,1,0,0,0,1,0,1,Sim,1,0,1,1,1,1,1,0,1
4576,1,1,1,1,1,0,0,0,0,Sim,1,1,1,1,1,1,1,0,0
4581,0,0,0,0,0,0,0,0,0,Não,0,0,0,1,0,0,0,0,0
4586,0,0,0,0,0,0,0,0,0,Não,0,0,0,0,0,0,0,0,0
4594,0,0,0,0,0,0,0,0,0,Não,0,0,0,0,0,0,0,0,0
4604,0,1,1,0,0,0,0,0,0,Não,1,0,1,1,1,1,1,0,0
4609,1,0,1,1,1,0,1,0,0,Não,1,0,1,1,1,1,0,0,0
4619,1,0,0,0,0,0,0,0,0,Não,1,0,1,1,1,1,0,0,0
4636,0,0,0,0,0,0,0,0,0,Não,0,0,0,0,0,0,0,0,0
4641,1,0,0,1,1,0,0,0,0,Não,1,0,1,1,1,1,1,0,0
4656,0,0,1,0,0,0,0,0,0,Não,1,0,1,0,0,0,0,0,0
4674,1,1,1,1,1,0,0,1,0,Sim,1,0,1,1,1,1,1,0,0
4676,1,1,1,1,1,0,0,1,0,Não,1,0,1,1,1,1,1,0,0
4680,0,0,0,0,0,0,0,0,0,Não,1,0,1,1,1,1,1,0,0
4685,1,1,1,1,0,0,0,1,0,Não,1,0,1,1,1,1,1,0,0
4689,0,0,0,0,0,0,0,0,0,Não,1,0,1,1,1,1,1,0,0
4700,1,1,0,0,0,1,1,0,1,Sim,1,0,1,1,1,1,1,0,0
4718,1,1,1,1,1,0,0,1,0,Não,0,1,0,0,0,0,0,1,1
4732,1,1,1,0,0,0,1,0,1,Não,0,1,1,1,1,1,0,1,1
4744,0,0,0,0,0,0,0,0,0,Não,0,0,1,0,0,0,1,0,0
4750,0,0,0,0,0,0,0,0,0,Não,0,0,0,0,0,0,0,0,0
4759,1,1,1,1,1,0,0,0,0,Sim,1,1,1,1,1,1,0,1,0
4772,1,1,1,1,1,0,0,1,0,Sim,1,1,1,1,1,1,0,0,1
4793,1,1,1,1,1,0,0,1,0,Não,1,0,1,1,1,0,1,0,0
4796,1,1,1,1,1,0,1,1,0,Sim,1,1,1,1,1,1,1,1,0
4804,1,1,1,1,1,0,0,1,0,Sim,1,0,1,1,1,1,1,0,0
4807,1,0,0,0,0,0,0,0,0,Não,1,0,1,1,1,0,0,0,0
4811,0,0,0,0,0,1,1,0,1,Não,0,1,1,1,0,0,1,1,1
4814,0,1,0,0,0,0,0,0,0,Não,1,0,1,1,0,0,1,0,0
4829,1,1,1,1,0,0,0,0,0,Não,0,0,1,1,0,0,1,0,0
4852,0,0,0,0,0,0,0,0,0,Não,0,0,1,1,0,0,0,0,0
4853,0,0,0,0,0,0,0,0,0,Não,0,1,0,0,0,0,1,1,0
4856,1,1,0,1,0,0,0,1,0,Não,0,1,1,1,1,1,0,0,1
4923,1,0,0,0,0,0,0,0,0,Não,1,1,1,1,1,1,0,1,0
4927,1,1,1,1,0,0,0,1,0,Sim,1,0,1,1,1,1,1,0,0
4928,0,0,0,0,0,0,0,0,0,Não,1,0,1,1,1,1,0,0,0
4931,1,0,1,1,1,0,1,1,0,Não,1,1,1,1,1,1,0,0,0
4936,1,1,1,1,1,0,0,0,0,Não,0,1,1,1,1,1,1,1,1
4949,1,0,1,1,0,1,1,0,1,Sim,1,1,1,1,1,1,0,1,1
4988,1,1,1,0,0,0,0,0,0,Não,1,0,1,1,1,1,1,0,0
4991,0,0,0,0,0,0,0,0,0,Não,0,0,1,0,0,0,0,0,0
5015,0,0,1,1,0,0,0,0,0,Não,1,0,1,1,1,1,0,0,0
5016,1,0,0,1,0,0,0,0,0,Não,1,0,1,1,1,1,1,0,0
5036,1,0,1,0,1,0,1,0,1,Sim,0,1,1,1,1,1,1,0,1
5037,1,1,1,1,1,0,0,1,0,Sim,0,1,1,1,1,1,1,1,1
5049,1,1,1,1,1,0,0,1,0,Não,1,0,1,1,1,1,1,0,0
5052,0,0,1,0,1,1,1,0,1,Não,1,0,1,1,1,1,1,0,1
5096,1,1,1,1,1,0,0,1,0,Não,0,0,1,0,0,0,0,0,0
5097,1,0,1,1,1,0,1,1,0,Sim,1,1,1,1,1,1,1,0,0
5137,0,0,0,0,0,0,0,0,0,Não,1,0,0,0,0,0,0,0,0
5139,0,0,0,0,0,0,1,0,0,Não,0,0,0,0,0,0,0,0,0
5152,1,1,1,1,1,0,0,0,0,Sim,0,0,1,1,1,1,1,0,0
5158,1,1,1,1,1,0,0,1,0,Não,0,0,1,1,1,1,1,0,0
5162,0,0,0,0,0,0,0,0,0,Não,1,0,1,1,1,1,0,0,0
5228,0,1,0,0,0,1,1,0,1,Sim,0,1,1,1,1,1,1,1,1
5237,1,1,0,0,0,1,1,0,1,Não,0,1,0,0,0,0,0,1,1
5242,0,0,1,1,1,0,0,0,0,Não,0,1,1,0,0,0,0,1,1
5244,1,1,1,1,1,0,0,1,0,Não,1,0,1,1,1,1,1,0,0
5245,0,0,0,0,0,0,0,0,0,Não,0,0,0,0,0,0,0,0,0
5249,1,1,1,1,1,0,0,0,0,Sim,1,1,1,1,1,1,1,0,1
5254,1,1,1,1,1,0,0,1,0,Sim,1,1,0,0,0,0,0,0,0
5299,1,0,0,0,0,1,1,0,1,Sim,0,1,1,0,0,0,0,1,1
5346,1,1,0,0,0,0,0,0,0,Sim,0,1,1,1,1,0,1,0,0
5356,1,1,0,0,0,0,1,0,0,Não,1,0,0,1,0,1,1,0,0
5361,1,1,1,1,1,0,0,1,0,Sim,1,0,1,1,1,1,1,0,0
5364,1,1,1,1,1,0,0,1,0,Não,1,0,1,1,1,1,1,0,1
5368,1,1,1,1,0,0,0,0,0,Sim,1,0,1,1,1,1,1,0,0
5372,1,0,0,0,0,0,0,0,0,Não,0,1,1,1,1,0,0,0,1
5383,0,0,0,0,0,0,0,0,0,Não,0,0,1,1,0,0,0,0,0
5433,1,0,1,1,1,0,0,0,0,Não,1,0,1,1,1,1,1,0,0
5447,1,1,1,1,1,0,0,1,0,Sim,1,0,1,1,1,1,1,0,0
5458,1,1,1,1,1,0,0,1,0,Não,1,0,0,1,1,0,1,0,0
5459,1,1,1,1,1,0,0,1,0,Não,1,0,1,1,1,1,1,0,0
5469,1,1,1,1,1,0,0,1,0,Sim,1,0,1,1,1,1,1,0,0
5470,1,1,1,1,1,0,0,1,0,Sim,1,1,1,1,1,1,1,0,0
5481,1,1,1,1,1,0,0,0,0,Sim,1,0,1,1,1,1,1,0,0
5482,1,1,1,0,1,0,0,0,1,Sim,1,1,1,1,1,1,1,0,1
5484,0,0,0,0,0,0,0,0,0,Não,0,0,0,0,0,0,0,0,0
5485,1,0,0,0,0,0,1,0,1,Sim,1,0,1,1,1,1,1,0,0
5489,1,1,1,1,1,0,0,0,0,Não,1,1,1,1,1,1,1,0,0
5493,1,1,1,1,1,0,0,0,0,Sim,1,0,1,1,1,1,1,0,0
5506,1,0,1,1,1,0,1,1,0,Sim,1,0,1,1,1,1,1,0,0
5516,1,1,1,0,1,0,0,0,0,Sim,1,0,1,1,1,0,1,0,0
5535,1,1,1,0,0,0,0,1,0,Não,1,0,1,1,1,1,1,0,0
5540,1,1,1,1,1,0,1,1,0,Não,1,1,1,1,1,1,1,0,0
5576,1,1,1,1,1,0,0,1,0,Não,1,0,1,1,1,1,0,0,0
5585,0,0,0,0,0,0,0,0,0,Não,1,0,1,1,0,1,0,0,0
5588,1,1,1,0,1,0,1,1,0,Sim,1,1,1,1,1,1,1,0,0
5622,1,1,1,1,1,0,1,1,0,Sim,1,1,1,0,0,0,1,1,1
5631,1,1,0,0,0,0,0,1,0,Sim,1,0,1,1,0,1,1,0,0
5645,1,1,1,0,1,0,0,1,0,Sim,0,1,1,1,1,1,1,0,0
5658,1,1,1,1,1,0,0,0,0,Sim,1,1,1,1,1,1,1,1,0
5663,1,0,1,1,1,0,0,1,0,Não,0,1,1,1,1,0,0,0,0
5672,0,0,0,0,0,0,0,0,0,Não,0,0,1,1,1,1,0,0,0
5675,1,1,1,1,1,0,0,1,0,Não,1,0,1,1,1,1,1,0,0
5679,1,1,1,1,1,0,0,1,0,Não,1,0,1,1,1,1,1,0,0
5681,1,1,1,1,1,0,0,1,0,Não,1,0,1,1,1,1,1,0,0
5695,0,0,0,0,0,0,0,0,0,Não,1,0,1,1,1,1,1,0,0
5703,1,1,1,1,1,0,0,1,0,Sim,1,0,1,1,1,1,0,0,0
5709,1,1,1,1,1,0,1,1,1,Não,1,1,1,1,1,1,1,0,1
5727,1,1,1,1,1,0,0,1,0,Sim,1,1,1,1,1,1,1,0,0
5738,0,0,0,0,0,0,0,0,0,Não,0,0,1,1,0,0,0,0,0
5748,1,1,1,1,1,0,0,1,0,Não,1,0,1,1,1,1,1,0,0
5753,1,1,0,1,1,0,1,0,0,Sim,1,1,1,1,1,1,1,0,0
5757,0,1,0,0,0,0,0,0,0,Não,1,0,1,0,0,0,1,0,0
5763,0,0,0,0,0,0,0,0,0,Não,0,0,1,0,0,0,0,0,0
5764,1,1,1,1,1,0,0,1,1,Sim,0,1,1,1,1,1,1,0,0
5771,1,1,1,1,1,0,0,1,0,Não,1,0,1,1,1,1,1,0,0
5773,1,1,1,0,1,0,0,0,0,Sim,1,0,1,1,1,1,1,0,0
5776,1,1,1,1,1,0,0,0,0,Sim,1,0,1,1,1,1,1,0,0
5777,1,1,1,0,1,0,0,1,0,Não,1,0,0,0,0,0,0,0,0
5783,1,1,1,1,1,0,0,1,0,Não,0,1,1,1,1,1,0,1,1
5799,1,1,1,1,1,0,0,1,0,Sim,1,0,1,1,1,1,1,0,0
5848,0,1,1,1,1,0,0,0,0,Não,1,0,1,1,1,1,1,0,0
5849,1,0,1,1,1,0,0,1,0,Não,1,0,1,1,1,1,0,0,0
5881,1,1,1,1,1,0,0,1,0,Não,1,1,1,1,1,1,1,1,1
5890,1,1,1,0,0,1,1,0,1,Sim,1,0,1,1,1,1,1,0,0
5893,0,0,0,0,0,0,0,0,0,Não,0,0,1,1,1,0,0,0,0
5910,1,0,0,1,0,0,0,0,0,Não,1,1,1,0,1,0,0,0,0
5917,1,1,1,1,1,0,0,1,0,Sim,1,0,1,1,1,1,1,0,0
5919,1,1,1,1,1,0,0,1,0,Sim,1,0,1,1,1,1,1,0,0
5923,1,1,0,1,0,0,0,1,0,Sim,1,1,0,0,0,0,0,1,1
5927,0,0,0,0,0,0,0,0,0,Não,1,0,1,1,1,1,0,0,0
5935,1,1,1,1,0,0,1,0,1,Sim,1,1,1,1,1,1,1,1,1
5943,0,0,0,0,0,0,0,0,0,Não,0,0,1,0,0,0,0,0,0
5944,1,1,1,1,0,1,1,0,1,Sim,1,1,1,1,1,1,1,1,0
5951,0,0,1,0,0,0,0,0,0,Não,0,0,0,0,0,0,0,0,0
5967,0,0,0,0,0,0,0,0,0,Não,0,0,0,0,0,0,0,0,0
5968,1,1,1,1,1,0,0,1,0,Não,1,0,1,1,1,1,1,0,0
5976,0,0,1,1,0,0,0,0,0,Não,1,0,1,1,1,1,1,0,0
5980,1,1,1,1,1,0,0,1,0,Sim,1,0,1,1,1,1,1,0,0
5990,0,0,0,0,0,0,0,0,0,Não,0,0,0,0,0,0,0,0,0
6005,1,0,1,0,0,0,0,0,0,Não,1,0,1,1,1,1,0,0,0
6007,1,0,0,0,0,0,0,0,0,Não,1,1,1,1,0,1,0,0,0
6025,1,1,1,0,0,0,0,1,0,Sim,0,0,1,1,1,1,1,0,0
6034,0,1,0,0,0,0,0,0,0,Não,1,0,1,1,1,1,1,0,0
6038,1,1,1,1,0,0,1,0,0,Sim,1,0,1,1,1,0,1,0,0
6063,1,0,0,0,0,1,1,1,1,Sim,0,1,0,0,0,0,0,1,1
6064,0,0,1,0,0,0,1,0,0,Não,0,0,1,1,0,1,0,0,0
6070,1,0,0,0,0,0,0,0,0,Não,1,1,0,0,0,0,1,0,0
6076,1,1,1,1,0,0,0,1,0,Sim,1,0,1,1,1,1,1,0,0
6108,0,1,0,0,0,0,1,0,0,Sim,0,0,1,0,0,0,0,0,0
6114,0,1,0,0,0,0,0,0,0,Não,1,1,1,0,0,0,1,0,0
6120,1,1,0,0,1,1,1,0,1,Não,0,1,0,0,0,0,0,0,1
6132,1,1,1,1,0,0,0,0,0,Sim,0,1,1,1,1,0,1,1,1
6138,1,0,0,0,0,0,0,0,0,Não,0,0,0,0,0,0,0,0,0
6163,0,0,1,0,0,0,0,0,0,Não,1,0,1,1,1,1,0,0,0
6192,1,1,1,1,1,0,1,1,0,Sim,1,1,1,1,1,1,1,0,0
6194,1,1,1,0,0,0,0,0,0,Não,1,0,1,1,1,1,1,0,0
6218,1,1,1,1,1,0,0,1,0,Não,1,1,1,1,1,1,0,1,0
6228,1,0,1,1,1,0,1,1,0,Sim,0,1,1,1,1,1,1,0,1
6244,1,1,1,1,1,0,0,1,0,Sim,1,0,1,1,1,1,1,0,0
6270,1,1,1,0,1,0,1,1,0,Sim,1,0,1,1,1,1,1,0,0
6275,0,0,0,0,0,0,0,0,0,Não,1,0,1,0,0,0,1,0,0
6297,0,0,0,0,0,0,0,0,0,Não,0,0,0,0,0,0,0,0,0
6302,0,0,0,0,0,0,1,0,0,Sim,1,1,1,1,1,1,1,1,1
6310,0,0,0,1,0,0,0,0,0,Não,0,0,1,1,0,0,0,0,0
6318,1,1,1,1,1,0,0,1,0,Sim,1,0,1,1,1,1,1,0,0
6322,1,1,0,0,0,1,1,0,1,Não,1,0,1,1,0,0,1,0,0
6331,1,0,0,0,0,1,1,0,0,Não,0,1,1,1,1,0,0,1,1
6336,1,1,1,1,1,0,0,1,0,Sim,1,0,1,1,1,1,1,0,0
6345,1,1,0,0,1,0,0,1,0,Sim,1,1,1,1,1,1,1,0,0
6351,0,0,0,0,0,0,0,0,0,Não,0,0,1,1,1,1,0,0,0
6365,1,0,0,1,0,0,1,1,0,Não,1,1,1,1,1,1,0,0,0
6367,0,0,0,0,0,0,0,0,0,Não,0,0,0,0,0,0,1,0,0
6368,0,0,0,0,0,0,0,0,0,Não,1,0,1,1,1,1,1,0,0
6383,1,1,0,0,0,0,0,0,0,Não,0,0,0,0,0,0,1,0,0
6397,1,1,1,1,1,0,0,1,0,Sim,1,1,1,1,1,1,0,0,1
6401,0,0,0,1,0,0,0,0,0,Não,1,0,0,1,1,0,0,0,0
6402,1,1,1,1,1,0,0,1,0,Não,1,0,1,1,1,1,1,0,0
6405,1,1,0,0,0,0,0,0,0,Não,1,0,1,1,1,1,0,0,0
6410,0,0,1,1,1,0,0,0,0,Não,1,0,1,1,1,0,1,0,0
6414,1,1,0,1,1,0,0,0,0,Sim,1,0,1,0,1,0,1,0,0
6417,1,1,1,1,1,0,0,0,0,Sim,1,1,1,1,1,1,1,0,0
6420,1,1,1,1,1,0,0,1,0,Sim,1,0,1,1,1,1,1,0,0
6427,1,1,1,1,1,0,0,1,0,Não,1,0,1,1,1,1,1,0,0
6436,1,0,1,1,1,1,0,1,0,Não,1,0,1,1,1,1,1,0,0
6442,1,1,1,1,1,0,0,1,0,Sim,1,0,1,1,1,1,1,0,0
6451,0,0,0,0,0,0,0,0,0,Não,0,0,1,1,1,1,1,0,0
6510,1,1,0,1,0,0,1,0,0,Não,1,0,1,1,1,1,1,0,0
6518,1,0,1,1,1,1,1,1,1,Não,1,1,1,1,1,1,0,0,1
6540,1,1,1,1,1,0,0,1,0,Sim,1,1,1,1,1,1,1,0,0
6548,1,1,1,0,1,0,0,1,0,Sim,1,0,1,1,1,1,1,0,0
6553,1,0,0,0,0,0,1,0,0,Não,0,0,1,0,0,0,0,0,0
6566,1,1,1,1,1,0,0,1,0,Sim,1,0,1,1,1,0,1,0,0
6567,0,1,1,0,0,0,0,0,0,Não,1,0,1,1,1,1,1,0,0
6581,1,0,0,0,0,0,1,0,0,Não,1,0,1,1,1,1,1,0,0
6583,1,1,0,0,0,0,0,0,1,Não,1,0,1,1,1,1,1,0,0
6590,1,1,0,0,1,1,1,0,0,Não,1,0,0,0,0,0,1,0,0
6591,1,0,1,1,1,1,0,1,0,Não,1,0,1,1,1,1,1,0,1
6592,1,0,1,1,1,0,0,1,0,Não,1,0,1,1,1,1,0,0,0
6606,1,1,1,0,0,0,0,0,0,Sim,0,1,1,1,1,0,0,1,1
6609,0,0,1,0,0,0,0,0,0,Não,0,0,1,0,0,0,0,0,0
6610,0,0,0,0,0,0,0,0,0,Não,0,0,0,0,0,0,0,0,0
6616,1,1,1,1,1,0,0,1,0,Não,1,0,1,1,1,1,1,0,0
6631,1,1,1,1,1,0,1,1,0,Sim,1,1,1,1,1,1,1,0,1
6633,0,0,0,0,0,0,0,0,0,Não,1,0,0,0,0,0,1,0,1
6643,1,1,1,1,1,0,0,1,0,Sim,1,0,1,1,1,1,1,0,0
6672,1,1,1,1,1,0,0,1,0,Sim,1,0,1,1,1,1,1,0,0
6676,1,1,1,1,0,0,0,0,0,Não,1,0,1,1,1,1,1,0,0
6697,1,0,0,0,0,0,0,0,0,Não,1,1,1,1,1,1,0,0,0
6700,0,0,0,0,0,0,0,0,0,Não,0,0,0,0,0,0,0,0,0
6707,1,1,1,1,1,0,0,1,0,Não,1,0,1,1,1,1,1,0,0
6726,0,0,1,0,0,0,0,0,0,Não,0,0,1,1,1,1,1,0,0
6733,0,0,1,0,0,0,0,0,0,Não,0,0,1,1,1,1,1,0,0
6743,1,1,0,0,1,0,0,0,0,Não,1,0,0,1,0,0,1,0,0
6744,1,1,1,1,1,0,0,1,0,Não,1,1,1,1,1,1,1,0,0
6750,1,1,1,1,1,0,0,1,0,Sim,1,0,1,1,1,1,1,0,0
6754,0,1,1,0,1,1,1,1,1,Não,1,0,1,1,1,1,1,0,0
6768,1,0,1,1,0,1,1,1,1,Sim,1,0,1,1,1,1,1,0,0
6781,0,0,0,0,0,0,0,0,0,Não,0,0,0,1,0,0,1,0,0
6787,1,1,1,0,1,0,0,0,0,Não,1,1,1,1,1,0,1,0,0
6788,1,1,1,1,1,1,0,0,0,Sim,0,1,1,1,1,1,0,0,0
6799,1,1,0,1,1,0,0,1,1,Não,1,0,1,1,1,1,1,0,0
6801,1,1,1,1,0,0,1,1,0,Não,1,1,1,1,1,1,1,0,1
6812,1,1,1,1,1,0,0,1,0,Sim,1,0,1,1,1,1,1,0,0
6814,1,1,1,1,1,0,0,0,0,Não,1,0,1,1,1,1,1,0,0
6821,1,1,0,0,0,0,0,0,0,Não,1,1,0,1,1,1,0,0,0
6839,0,0,0,0,0,0,0,0,0,Não,0,0,1,0,0,0,0,0,0
6847,1,1,0,0,0,0,0,0,0,Sim,1,0,1,1,1,1,0,0,0
6851,1,1,1,0,0,0,0,0,0,Sim,1,1,1,1,1,0,1,0,0
6860,1,0,1,1,1,0,0,1,0,Não,0,1,1,0,1,0,0,0,0
6863,0,0,0,0,0,0,0,0,0,Não,0,0,0,0,0,0,0,0,0
6868,1,1,1,0,0,0,0,1,0,Sim,1,0,1,1,1,1,1,0,0
6886,0,0,0,0,0,0,0,0,0,Não,1,0,1,0,1,0,1,0,0
6890,1,0,0,0,0,0,0,0,0,Não,0,0,1,1,1,1,0,0,0
6897,1,0,0,0,0,1,1,0,0,Não,0,0,1,1,1,1,0,1,0
6898,0,1,0,0,1,1,1,1,1,Sim,0,1,1,1,1,1,1,0,1
6900,0,0,0,0,0,0,0,0,0,Não,1,0,1,1,1,1,0,0,0
6926,0,0,0,0,0,0,0,0,0,Não,1,0,1,1,1,1,1,0,0
6928,0,0,1,0,1,1,1,0,1,Sim,0,1,1,1,1,0,0,1,1
6939,1,1,1,1,1,0,0,1,0,Não,1,0,1,1,1,1,1,0,0
6941,1,1,0,0,0,1,1,0,1,Sim,1,1,1,1,1,1,1,0,0
6946,0,1,1,1,0,1,1,1,1,Sim,1,1,1,1,1,1,1,1,0
6957,0,0,0,0,0,0,1,0,1,Sim,1,1,1,1,1,1,0,0,1
6959,1,0,1,1,1,0,0,1,0,Não,1,0,1,1,1,1,1,0,0
6976,0,0,0,0,0,0,0,0,0,Não,0,0,0,0,0,0,0,0,0
6985,0,0,0,0,0,0,0,0,0,Não,1,0,1,1,1,0,0,0,0
6987,1,1,1,1,1,0,1,1,0,Sim,1,1,1,1,1,1,1,0,0
6994,1,1,1,0,0,1,1,0,1,Não,1,1,1,1,1,1,1,1,1
6998,1,1,0,0,1,0,0,0,0,Sim,1,0,1,1,1,1,1,0,0
7003,0,0,0,0,0,0,0,0,0,Não,1,0,1,1,1,1,1,0,0
7026,0,0,0,0,0,0,0,0,0,Não,0,1,0,0,0,0,0,0,0
7032,1,1,1,1,1,0,0,1,0,Não,1,0,1,1,1,1,1,0,0
7033,0,0,1,0,0,0,0,0,0,Não,0,0,1,0,0,0,0,0,0
7035,0,0,1,1,1,0,0,0,0,Não,1,0,1,1,1,1,1,0,0
7049,1,0,1,1,1,0,0,1,0,Sim,1,0,1,1,1,1,1,0,0
7061,1,1,1,1,1,0,0,1,0,Não,0,0,1,1,1,1,1,0,0
7063,1,1,0,0,1,0,0,0,1,Sim,0,1,1,1,1,0,1,0,1
7074,0,0,0,0,0,0,0,0,0,Não,0,0,1,1,1,1,1,0,0
7076,1,1,1,0,1,0,0,1,0,Sim,0,1,1,1,1,1,1,1,1
7088,1,1,1,0,0,0,0,0,0,Não,0,0,0,0,0,0,1,0,0
7105,1,1,1,1,1,0,0,1,0,Sim,0,1,0,0,0,0,0,1,0
7121,1,1,1,1,1,0,0,1,0,Sim,1,0,1,1,1,1,1,0,0
7130,1,1,1,1,1,0,0,1,0,Não,1,0,1,1,0,0,1,1,0
7151,0,0,1,0,0,0,0,0,0,Não,0,0,0,0,0,0,0,0,0
7155,1,1,1,1,1,0,0,1,0,Não,1,0,1,1,1,1,0,0,0
7157,1,1,0,1,1,0,0,1,0,Sim,0,0,1,1,1,1,1,0,0
7162,1,0,1,0,0,0,1,1,1,Sim,1,0,1,1,1,1,1,0,0
7175,1,1,0,0,0,0,1,0,1,Sim,1,0,1,1,1,1,1,0,0
7193,1,1,1,1,1,0,0,1,0,Sim,1,0,1,1,1,1,1,0,0
7194,1,1,0,1,0,0,1,1,1,Sim,0,1,1,0,0,0,0,0,1
7196,1,0,1,1,0,1,1,1,1,Não,1,1,1,1,1,1,0,1,1
7203,1,1,1,0,0,1,1,1,1,Sim,1,0,1,1,1,1,1,0,0
7226,0,0,0,0,0,0,0,0,0,Não,1,0,1,1,1,1,1,0,0
7234,1,0,0,0,0,0,0,0,0,Não,0,0,0,0,0,0,0,0,0
7245,0,1,1,1,1,0,0,1,0,Não,1,0,1,1,1,0,0,1,0
7258,0,0,1,0,1,0,0,0,0,Não,0,0,1,1,1,1,1,0,0
7260,1,1,0,0,0,1,1,0,1,Sim,0,1,0,0,0,0,0,1,1
7275,1,1,1,1,1,0,0,1,0,Não,1,1,1,1,1,1,0,1,1
7277,1,1,1,0,0,0,0,1,0,Não,1,0,1,1,1,1,1,0,0
7286,1,0,1,1,1,0,0,1,0,Sim,1,0,1,1,1,1,1,0,0
7302,1,1,0,1,0,0,0,0,0,Não,1,0,1,1,1,1,1,0,0
7311,1,0,0,0,0,1,0,0,0,Não,1,0,1,1,1,1,1,0,0
7317,1,1,1,1,1,1,1,1,1,Sim,1,1,1,1,1,1,1,1,1
7320,1,1,1,1,1,0,0,1,0,Sim,1,0,1,1,1,1,1,0,0
7326,1,1,1,0,0,0,0,0,0,Não,1,0,1,1,1,1,1,0,0
7331,1,1,0,0,0,0,0,0,0,Não,0,0,1,1,1,0,1,0,0
7367,1,0,1,1,1,0,0,1,0,Sim,1,0,1,1,1,1,1,0,0
7370,1,0,1,1,1,0,0,1,0,Não,0,0,1,1,1,1,0,0,0
7393,1,0,1,1,1,0,0,0,0,Não,1,0,1,1,1,0,0,0,0
7397,0,0,0,1,0,0,0,0,0,Não,1,0,1,1,1,1,1,0,0
7398,0,0,1,0,0,0,0,0,0,Não,1,0,1,1,0,0,0,0,0
7403,1,1,1,1,0,0,0,1,0,Sim,1,0,1,1,1,1,0,0,0
7447,1,1,1,0,1,0,0,1,0,Sim,1,0,1,1,1,1,1,0,0
7454,1,1,0,0,1,0,0,0,0,Sim,1,0,1,1,1,1,1,0,0
7455,1,1,1,1,1,0,0,0,0,Sim,1,0,1,1,1,1,1,0,0
7460,0,0,0,0,0,1,1,0,0,Não,0,0,1,1,1,1,0,0,0
7466,1,1,1,1,1,0,0,1,0,Sim,1,0,0,1,0,1,1,0,0
7471,1,0,1,1,1,0,0,1,0,Sim,1,0,1,1,1,1,1,0,0
7480,1,1,1,1,1,0,0,1,0,Sim,1,0,1,1,1,1,1,0,0
7486,1,0,1,1,1,0,0,1,0,Não,0,0,1,1,1,1,0,0,0
7492,1,1,0,0,0,0,0,1,0,Sim,1,0,0,0,0,0,0,0,0
7493,1,1,1,1,1,0,1,1,1,Sim,0,0,1,1,1,1,1,1,1
7527,0,0,0,0,0,0,0,0,0,Não,0,0,0,0,0,0,0,0,0
7540,0,1,1,1,1,0,0,1,0,Sim,0,1,1,1,1,1,1,0,0
7543,0,0,0,0,0,0,0,0,0,Não,0,0,0,0,0,0,0,0,0
7546,0,1,0,0,0,0,0,0,0,Não,0,0,1,0,0,0,0,0,0
7547,1,1,1,1,1,0,0,1,0,Não,1,0,1,1,1,1,1,0,0
7550,1,1,1,1,1,0,0,1,0,Não,0,0,1,1,1,1,1,0,0
7556,1,1,1,0,1,0,0,1,0,Sim,1,0,1,1,1,1,1,0,0
7569,0,0,0,0,0,0,0,0,0,Não,1,1,1,1,1,1,0,1,0
7588,1,1,1,1,1,0,0,1,0,Sim,1,0,1,1,1,1,1,0,0
7595,1,1,1,0,1,0,0,1,0,Sim,1,0,1,1,1,1,1,0,0
7598,1,1,1,1,1,0,0,1,0,Sim,1,1,1,1,1,1,1,0,0
7606,1,1,1,1,1,0,0,1,0,Sim,1,0,1,1,1,1,1,0,0
7611,1,0,0,0,0,1,1,0,0,Sim,0,1,1,1,1,1,0,1,1
7624,1,0,1,1,1,0,0,1,0,Não,1,0,1,1,1,1,0,0,0
7630,1,0,0,1,0,0,0,0,0,Não,0,1,1,1,1,1,1,0,0
7637,1,1,1,1,1,0,0,1,0,Sim,1,0,1,1,1,1,1,0,0
7663,1,1,1,1,1,0,0,1,0,Sim,1,0,1,1,1,0,1,0,0
7667,1,0,1,1,1,1,1,1,1,Sim,0,1,1,1,1,1,0,1,1
7681,1,0,1,1,1,0,0,1,0,Sim,1,0,1,1,1,1,0,0,0
7685,1,1,0,0,0,1,0,0,0,Sim,0,1,0,0,1,0,1,1,1
7703,1,1,1,0,1,0,0,1,0,Não,0,1,1,1,1,1,1,0,0
7712,0,0,0,0,0,0,0,0,0,Não,0,0,0,0,0,0,0,0,0
7717,1,1,1,1,1,0,0,1,0,Sim,1,0,1,1,1,1,1,0,0
7719,1,1,1,0,1,0,0,1,0,Sim,1,0,1,1,1,1,1,0,0
7820,1,1,1,1,1,0,0,1,0,Não,1,0,1,1,1,1,1,0,0
7826,1,0,1,0,1,0,0,1,0,Não,0,1,1,1,0,1,0,1,1
7842,0,0,0,0,0,0,0,0,0,Não,0,0,1,1,1,1,0,0,0
7845,0,0,1,1,0,0,0,0,0,Não,1,0,1,1,1,1,1,0,0
7855,1,0,0,0,0,0,0,0,0,Não,1,1,0,0,0,0,0,0,0
7859,1,0,1,1,1,0,1,1,0,Sim,0,1,1,1,1,1,0,0,0
7877,1,0,1,1,0,0,0,0,0,Não,0,0,0,0,0,0,0,0,0
7897,1,1,1,1,1,0,0,1,0,Não,1,0,0,0,0,0,0,0,0
7939,1,0,1,0,0,0,0,0,0,Não,1,0,1,1,1,0,1,0,0
7950,1,1,1,1,1,0,0,1,0,Não,1,0,1,1,1,1,1,0,0
7952,1,1,1,0,1,0,1,1,0,Sim,1,0,1,1,1,1,1,0,0
7963,1,1,1,1,1,0,0,1,0,Sim,1,0,1,1,1,1,1,0,0
7966,1,0,1,1,1,0,0,1,0,Sim,1,0,1,1,1,1,0,0,0
7973,1,1,1,1,1,0,0,1,0,Não,0,1,1,1,1,0,1,1,1
7981,1,1,0,0,0,0,0,0,1,Sim,1,0,1,1,1,1,1,0,0
7987,1,1,1,1,1,0,0,1,0,Sim,0,0,1,1,1,1,1,0,0
7993,0,0,0,0,0,0,0,0,0,Não,0,0,1,1,0,0,0,0,0
7995,1,1,0,1,0,1,1,0,1,Não,0,1,1,0,0,0,0,1,1
8027,1,1,1,1,1,0,0,1,0,Não,1,0,1,1,1,1,1,0,0
8033,1,1,0,1,1,0,0,0,1,Sim,1,1,1,1,1,1,1,0,0
8038,1,0,0,1,0,0,1,1,1,Não,1,1,1,1,1,0,0,0,1
8048,1,1,1,1,1,0,0,1,0,Sim,1,0,1,1,1,1,1,0,0
8050,1,1,1,0,0,1,0,0,0,Sim,1,0,1,0,0,1,1,1,1
8062,0,0,0,0,0,0,0,0,0,Não,0,0,1,0,0,0,0,0,0
8072,0,1,0,0,0,0,0,0,0,Sim,1,0,1,1,1,0,1,0,0
8077,1,0,1,1,1,0,0,0,0,Não,1,0,1,1,1,1,1,0,0
8079,1,1,1,0,1,0,0,1,0,Sim,1,0,1,1,1,1,1,0,0
8086,0,0,0,0,0,0,0,0,0,Não,0,0,0,0,0,0,0,0,0
8105,1,1,1,1,0,0,0,0,0,Sim,1,1,1,1,1,1,1,0,1
8107,1,1,1,1,0,0,0,1,1,Não,0,1,1,1,1,0,0,0,1
8114,0,0,0,0,0,0,0,0,0,Não,0,0,1,1,1,0,0,0,0
8117,1,1,1,1,1,0,0,1,0,Não,1,0,0,0,0,0,0,0,0
8119,0,0,0,0,0,0,0,0,0,Não,0,0,1,0,0,0,0,0,0
8133,0,0,1,1,0,1,0,1,0,Não,0,1,0,0,0,0,0,0,1
8147,1,1,1,1,0,0,0,1,0,Sim,1,1,1,1,1,1,1,0,0
8165,1,0,1,1,1,1,1,0,0,Sim,1,1,1,1,1,1,1,0,0
8166,1,1,1,1,1,0,0,1,0,Sim,1,1,1,1,1,1,1,0,0
8171,1,0,1,0,1,1,0,1,1,Sim,1,1,1,1,1,0,0,1,1
8190,1,1,1,0,1,0,1,1,0,Sim,1,1,1,1,1,1,1,0,0
8204,0,0,0,1,0,0,0,0,1,Não,1,0,1,1,1,1,1,0,0
8225,1,1,1,1,1,0,0,1,0,Sim,0,1,1,1,1,1,1,1,1
8255,1,1,1,1,1,0,0,1,0,Não,1,0,1,1,1,1,1,0,0
8257,1,1,1,1,1,0,0,1,0,Não,0,1,1,1,1,1,1,0,0
8274,0,0,1,1,1,0,0,1,0,Sim,1,0,1,1,1,1,1,0,0
8275,0,0,0,0,0,0,1,0,1,Não,0,0,1,0,0,0,0,0,0
8279,0,1,0,1,0,0,0,0,0,Não,1,0,1,1,1,1,1,0,0
8280,0,0,0,0,0,0,0,0,0,Não,1,0,1,1,1,0,0,0,0
8288,0,0,0,0,0,0,0,0,0,Não,0,0,0,0,0,0,0,0,0
8304,1,0,1,0,0,0,0,0,0,Não,1,0,1,1,1,1,0,0,0
8309,1,0,1,1,1,0,0,1,1,Sim,1,1,1,1,1,1,0,0,0
8318,1,1,1,1,1,0,1,0,0,Sim,1,0,1,1,1,1,1,0,0
8325,0,0,1,1,1,1,0,0,0,Não,0,0,1,1,1,1,1,0,0
8388,1,1,1,1,0,0,0,1,0,Não,1,0,1,1,1,1,1,0,0
8390,0,0,0,0,0,0,0,0,0,Não,1,1,0,0,0,0,0,0,0
8403,1,1,1,1,0,0,0,0,0,Sim,1,0,1,1,1,0,1,0,0
8411,0,0,0,0,0,0,0,0,0,Não,0,0,0,0,0,0,0,0,0
8425,0,0,0,1,0,0,1,0,0,Não,1,1,0,0,0,0,0,1,1
8447,0,0,0,0,0,0,0,0,0,Não,1,0,0,0,0,0,0,0,0
8450,1,0,1,1,1,0,0,1,0,Sim,0,0,1,1,1,1,1,0,0
8474,0,0,0,1,0,0,0,0,0,Não,0,0,1,1,1,0,0,0,0
8480,1,1,1,0,1,0,0,1,0,Sim,1,1,1,1,1,1,0,0,0
8554,0,0,0,0,0,0,0,0,0,Não,1,0,1,1,1,1,1,0,0
8561,1,1,1,1,1,0,0,1,0,Sim,1,0,1,1,1,1,1,0,0
8565,1,1,1,1,1,0,0,1,0,Sim,1,0,1,1,1,1,1,0,0
8574,1,1,0,1,1,0,0,1,0,Sim,1,1,1,1,1,1,1,1,1
8575,1,1,0,0,0,0,0,0,0,Sim,0,1,0,0,0,0,1,1,0
8602,1,1,1,1,1,0,0,1,1,Sim,1,0,1,1,1,1,1,0,1
8635,0,0,0,0,0,0,0,0,0,Não,1,0,1,1,1,1,1,0,0
8679,0,1,0,0,0,0,0,0,0,Não,1,0,1,1,1,1,0,0,0
8681,1,0,1,1,1,0,0,1,0,Sim,1,0,1,1,1,1,1,0,0
8682,0,0,0,0,0,0,1,0,0,Não,0,1,0,0,0,0,0,0,0
8685,0,0,0,1,0,1,1,0,1,Não,1,1,1,1,1,0,0,1,1
8695,1,1,0,0,0,0,0,0,0,Não,1,0,1,1,0,1,1,0,0
8700,1,1,1,1,0,0,0,0,0,Não,0,1,1,1,1,1,1,1,1
8703,1,1,0,0,0,0,0,0,0,Não,0,0,1,1,0,0,0,0,1
8712,1,1,1,1,0,0,0,0,0,Não,1,0,1,1,1,1,1,0,0
8716,1,1,1,1,1,0,0,0,0,Sim,0,1,0,0,0,0,0,1,1
8722,1,1,1,0,0,0,0,1,0,Sim,1,0,1,1,1,1,1,0,0
8725,1,1,1,1,1,0,0,1,0,Não,1,0,1,1,1,1,0,0,0
8749,0,1,1,1,1,1,1,0,1,Não,1,0,1,1,1,1,1,0,0
8760,0,1,1,0,0,0,1,0,1,Não,0,1,0,0,0,0,0,0,1
8781,0,0,0,0,0,0,0,0,0,Não,1,0,1,1,1,1,0,0,0
8800,1,0,0,0,0,0,1,0,1,Não,0,1,1,0,1,0,0,0,0
8856,1,1,1,1,1,0,0,1,0,Sim,1,0,1,1,1,1,1,0,0
8877,1,1,1,0,1,0,1,1,1,Sim,1,1,1,1,1,1,1,0,0
8884,0,0,0,0,0,0,0,0,0,Não,1,0,1,1,1,1,0,0,0
8906,1,1,1,1,1,0,0,1,0,Sim,1,0,1,1,1,1,1,0,0
8909,1,1,1,1,1,0,0,1,0,Sim,1,0,1,1,1,1,1,0,0
8914,0,1,1,1,1,0,0,0,0,Não,1,0,1,1,1,1,1,0,0
8931,1,1,1,0,1,0,0,1,0,Sim,1,1,1,1,1,1,1,0,0
8933,1,1,0,1,1,0,0,1,0,Não,1,0,1,1,1,1,1,0,0
8935,0,0,1,0,0,0,0,0,0,Não,0,0,1,0,0,0,0,0,0
8936,1,0,1,0,1,0,0,1,0,Sim,0,1,1,1,1,1,0,0,1
8940,1,1,0,0,0,1,0,0,0,Sim,1,0,1,1,1,1,1,0,0
8941,0,0,0,0,0,0,0,0,0,Não,0,0,1,0,0,0,0,0,0
8968,1,1,1,0,1,0,0,1,0,Sim,1,1,1,1,1,1,1,0,0
8982,1,1,1,1,1,0,0,1,0,Não,1,0,1,1,1,1,1,0,0
8999,1,1,1,1,1,1,0,0,1,Não,1,0,1,1,1,1,1,0,0
9003,1,1,1,0,0,0,0,0,0,Não,0,0,1,0,0,0,0,0,0
9005,1,0,0,0,0,0,0,0,0,Não,0,1,0,0,0,0,0,0,0
9011,0,1,1,1,1,0,0,1,0,Sim,1,0,1,1,1,1,1,0,0
9023,1,1,1,1,1,0,0,1,0,Sim,1,1,1,1,1,1,1,0,0
9025,1,1,1,1,1,0,1,1,0,Não,1,1,1,1,1,1,1,0,1
9027,1,1,0,0,1,1,1,0,1,Sim,1,1,1,1,0,0,0,1,1
9028,0,0,0,0,0,0,0,0,0,Não,0,0,1,1,1,0,1,0,0
9035,0,1,1,1,1,0,0,0,0,Não,1,0,1,0,1,1,1,0,0
9050,1,0,0,0,0,0,1,0,0,Não,0,1,0,0,0,0,0,0,0
9057,0,0,1,1,1,1,1,1,1,Não,1,0,1,1,1,1,1,0,0
9063,1,1,1,1,1,0,0,1,0,Sim,1,0,1,1,1,1,1,0,0
9065,1,0,1,0,0,0,0,0,0,Não,1,0,1,0,0,0,1,0,0
9082,1,1,1,1,0,0,0,1,0,Sim,1,0,1,1,1,1,1,0,0
9091,1,1,1,0,1,0,0,1,0,Não,1,1,1,1,1,1,1,0,0
9101,0,0,0,0,0,0,0,0,0,Não,0,0,0,0,0,0,0,0,0
9104,1,0,1,0,0,1,1,0,1,Sim,1,0,1,1,1,1,1,0,0
9106,1,0,0,0,0,1,1,0,1,Sim,0,1,1,0,0,0,0,1,0
9123,1,0,0,0,0,0,1,0,0,Não,0,0,0,0,0,0,0,0,0
9132,1,1,1,1,1,0,0,0,0,Sim,1,0,1,1,1,1,1,0,0
9141,1,1,1,1,1,0,0,1,0,Sim,1,0,1,1,1,1,1,0,1
9155,1,0,1,0,1,0,0,1,0,Não,1,0,1,1,1,1,0,0,0
9168,0,0,0,0,0,0,0,0,0,Sim,0,0,1,1,1,1,0,0,0
9169,0,0,0,0,0,0,0,0,0,Não,0,0,1,1,1,0,0,0,0
9170,1,1,1,1,1,0,0,0,0,Sim,0,1,1,1,1,1,1,0,0
9171,1,1,0,0,0,0,0,1,0,Não,1,0,1,1,1,1,1,0,0
9195,1,0,1,0,1,0,0,0,0,Sim,1,0,1,1,1,1,1,0,0
9197,0,0,0,0,0,1,1,0,1,Sim,0,1,0,0,0,0,0,1,0
9200,1,0,0,1,0,0,0,1,0,Não,1,0,1,1,1,1,1,0,0
9212,0,0,1,1,0,0,0,0,0,Não,1,0,1,1,1,1,1,0,0
9217,1,1,1,1,1,1,0,1,0,Não,1,1,1,1,1,1,1,0,0
9224,1,1,1,0,0,0,0,0,0,Sim,0,1,1,1,1,1,1,0,1
9233,1,1,1,1,1,0,1,0,0,Sim,1,0,1,1,1,1,1,0,0
9250,1,1,1,0,0,0,0,1,0,Sim,1,0,1,1,1,1,1,0,0
9265,0,0,0,0,0,0,1,0,1,Não,1,1,1,1,1,1,1,0,0
9283,0,0,0,0,0,0,0,0,1,Não,0,0,0,0,0,0,0,0,0
9288,0,1,1,1,0,0,0,0,0,Não,0,0,1,1,0,0,1,0,1
9298,0,0,0,0,0,0,0,0,0,Não,0,0,1,1,0,0,0,0,0
9304,1,1,1,1,1,0,0,1,0,Sim,1,0,1,1,1,1,1,0,0
9306,0,1,0,0,0,0,0,0,0,Não,0,0,1,1,0,0,1,0,0
9314,1,1,1,0,0,0,0,1,0,Não,1,1,1,1,1,1,1,0,0
9323,1,1,0,0,0,1,1,0,1,Não,1,1,1,1,0,1,1,1,1
9326,0,0,0,0,0,0,0,0,0,Não,0,0,0,0,0,0,0,0,0
9332,1,0,1,0,0,0,1,0,1,Não,1,1,1,1,1,1,1,0,0
9336,0,0,0,0,0,0,1,0,0,Não,0,1,1,0,0,0,0,0,0
9337,1,1,1,0,0,1,1,0,1,Sim,1,0,1,1,1,1,1,0,0
9340,0,1,1,1,0,1,1,0,1,Não,1,0,1,1,1,1,1,0,0
9368,0,0,0,0,0,0,0,0,0,Não,0,0,0,0,0,0,1,0,0
9372,1,1,1,1,0,0,0,1,0,Sim,1,0,1,1,1,1,0,0,0
9379,1,1,1,0,1,0,0,1,0,Sim,1,0,1,1,1,1,1,0,0
9389,1,1,1,1,0,0,1,1,0,Sim,0,1,1,1,1,1,0,1,1
9395,1,0,1,1,1,0,0,1,0,Sim,1,0,1,1,0,1,1,0,0
9408,0,0,0,0,0,0,0,0,0,Não,0,1,1,0,0,0,0,0,0
9409,0,0,0,0,0,0,0,0,0,Não,1,0,1,1,1,0,0,0,0
9447,1,1,0,0,0,1,1,0,1,Sim,1,0,1,1,1,1,1,0,0
9453,1,0,0,0,0,0,1,0,0,Não,1,1,1,1,1,1,0,1,1
9462,1,1,1,1,1,0,0,1,0,Não,1,1,1,1,1,1,1,0,0
9472,0,0,0,0,0,1,1,0,0,Sim,1,1,1,1,1,1,1,0,0
9475,1,1,1,1,1,0,0,1,1,Sim,1,0,1,1,1,1,1,0,0
9488,1,1,1,1,1,0,0,1,0,Sim,1,0,1,1,1,1,1,0,0
9492,0,0,0,0,0,0,0,0,0,Não,0,0,0,0,0,0,0,0,0
9495,1,0,1,1,1,0,0,1,0,Não,1,0,1,1,1,1,0,0,0
9496,0,1,0,0,0,0,0,0,0,Não,1,0,1,1,1,1,1,0,0
9503,1,1,1,1,1,0,0,0,0,Sim,1,0,1,1,1,1,1,0,0
9523,0,0,1,0,0,0,0,0,0,Não,1,0,1,1,1,1,0,0,0
9567,0,0,1,0,0,0,0,0,0,Não,1,0,1,1,1,1,0,0,0
9571,0,0,1,0,0,0,0,0,0,Não,1,0,1,1,1,1,1,0,0
9605,0,1,0,0,0,0,0,0,0,Não,1,0,1,1,1,1,0,0,0
9606,0,0,0,0,0,0,0,0,0,Não,1,1,1,1,1,1,0,0,0
9634,1,1,1,1,0,0,0,1,1,Não,1,1,1,0,1,1,0,1,1
9646,1,1,1,0,0,1,1,0,1,Sim,1,0,1,1,1,1,1,0,0
9670,1,1,1,0,0,0,1,0,0,Sim,1,1,1,1,0,1,1,0,0
9676,1,1,1,1,1,0,0,1,0,Sim,1,0,1,1,1,1,1,0,0
9695,0,1,0,0,0,1,1,1,1,Sim,1,0,1,1,1,1,1,0,0
9705,0,0,0,0,0,0,0,0,0,Não,1,0,1,0,0,0,0,0,0
9712,0,0,1,0,0,0,0,0,0,Não,0,0,1,1,1,1,1,0,0
9732,0,0,1,0,1,1,1,1,1,Sim,0,1,1,1,1,1,0,1,1
9739,0,0,1,0,0,0,0,0,0,Não,1,0,1,1,1,1,0,0,0
9745,1,1,1,1,1,0,1,1,0,Sim,0,1,1,1,1,0,0,1,1
9765,1,0,1,1,1,0,0,1,0,Não,0,1,1,1,1,0,0,0,0
9767,1,1,1,1,1,0,0,1,0,Sim,1,0,1,1,1,1,1,0,0
9787,0,0,0,0,0,0,1,0,1,Não,0,0,1,1,1,0,0,0,0
9788,1,0,1,1,1,1,1,0,1,Sim,1,1,1,1,1,1,0,1,1
9799,1,0,1,1,0,0,0,0,0,Sim,1,0,1,1,1,1,1,0,0
9803,1,1,1,1,1,1,0,1,0,Não,1,0,1,1,1,1,1,0,0
9809,1,1,1,1,1,0,0,0,0,Sim,1,0,1,1,1,1,1,0,0
9825,1,1,1,1,1,0,0,1,0,Não,1,0,1,1,1,1,0,0,0
9832,1,0,1,0,1,1,1,1,1,Não,1,1,1,1,0,1,1,1,1
9836,0,1,1,0,1,0,0,0,0,Não,1,0,1,1,1,1,1,0,0
9840,1,1,1,1,1,0,1,1,0,Sim,1,1,1,1,1,1,1,0,0
9861,1,0,0,0,0,0,0,0,0,Não,1,0,1,0,0,0,0,0,0
9867,0,0,0,0,0,0,0,0,0,Não,0,0,0,0,0,0,0,0,0
9875,1,1,1,0,1,0,0,1,0,Sim,0,1,1,1,1,1,1,1,1
9880,1,1,1,0,0,1,1,1,0,Sim,0,1,1,1,1,1,0,1,1
9886,1,1,1,1,1,0,0,1,0,Não,1,0,1,1,1,1,1,0,0
9893,0,0,0,0,0,0,0,0,0,Não,0,0,0,0,0,0,0,0,0
9898,1,1,1,0,1,0,1,1,0,Não,1,1,1,0,1,0,1,0,1
9917,1,1,0,0,0,0,0,0,0,Não,1,0,1,1,1,1,0,0,0
9940,1,1,1,0,0,1,1,0,1,Sim,1,0,1,1,1,1,1,0,0
9968,1,1,1,1,1,0,0,1,0,Não,0,1,1,1,1,1,1,0,0
9978,1,0,1,1,0,0,0,0,0,Não,0,0,1,1,1,1,1,0,0
9981,0,1,0,1,0,1,1,1,1,Sim,1,0,1,1,1,1,1,0,0
9983,1,1,1,1,1,0,1,1,0,Não,1,1,1,1,1,1,1,0,0
9992,1,1,1,1,0,0,0,1,0,Sim,1,0,1,1,1,1,0,0,0
9998,0,0,1,1,1,0,0,1,0,Não,0,0,1,1,0,0,0,0,0
10000,1,1,0,0,0,0,0,0,0,Sim,1,0,1,1,1,1,1,0,0
10002,1,1,1,1,1,0,0,1,0,Não,1,0,1,1,1,1,1,0,0
10007,0,0,0,1,1,0,0,0,0,Não,0,0,1,1,1,1,1,0,0
10009,1,1,1,0,0,0,0,1,0,Não,1,0,1,1,1,1,1,0,0
10017,1,1,1,1,1,1,1,1,1,Sim,0,1,1,1,0,1,0,1,1
10018,0,0,1,0,0,1,0,0,0,Não,1,0,1,1,1,1,0,1,0
10020,1,1,1,1,1,1,1,1,1,Não,1,1,1,1,1,1,1,0,0
10030,1,1,1,1,1,0,0,1,0,Sim,1,0,1,1,1,1,1,0,0
10040,0,0,0,0,0,0,0,0,0,Não,0,0,0,0,0,0,0,0,0
10043,0,0,0,0,0,0,0,0,0,Não,0,0,1,0,0,0,0,0,0
10048,1,1,1,1,0,0,0,1,0,Sim,1,0,1,1,1,1,1,0,0
10074,0,0,0,0,0,0,0,0,0,Não,0,0,0,0,0,0,0,0,0
10077,1,1,1,0,1,0,0,1,0,Não,1,0,1,1,1,1,1,0,0
10096,1,1,1,1,1,0,0,1,0,Sim,1,0,1,1,1,1,1,0,0
10119,1,0,1,1,1,1,1,1,0,Sim,1,1,1,1,1,1,1,0,1
10120,1,1,0,1,1,0,0,1,0,Sim,1,0,1,0,0,0,1,0,0
10121,1,1,1,1,1,0,0,1,0,Sim,1,0,1,1,1,1,1,0,1
10144,1,1,0,0,0,1,1,0,0,Sim,1,0,1,1,1,0,1,0,0
10149,1,1,1,1,1,0,0,1,0,Não,1,1,1,1,1,1,1,0,0
10197,1,1,1,1,1,0,0,1,0,Não,1,0,1,1,1,1,1,0,0
10206,1,1,1,1,1,0,1,1,0,Não,1,1,1,1,1,1,1,0,0
10211,1,1,1,1,1,0,0,1,0,Sim,1,0,1,1,1,1,1,0,0
10224,0,0,0,0,0,0,0,0,0,Não,0,0,0,0,0,0,0,0,0
10238,0,0,0,0,0,1,1,0,1,Sim,1,1,1,1,1,0,0,1,1
10265,0,0,0,0,0,0,0,0,0,Não,0,1,1,0,1,1,1,0,1
10271,1,1,1,1,1,0,0,1,0,Sim,1,0,1,1,1,1,1,0,0
10291,1,0,1,1,1,0,0,1,0,Não,0,1,1,1,1,1,0,1,1
10328,1,1,1,1,0,0,0,1,0,Sim,0,1,1,1,1,1,1,0,0
10358,1,1,1,1,1,0,0,1,0,Sim,0,0,1,1,1,1,1,0,0
10371,1,1,1,1,1,0,0,1,0,Não,1,0,0,0,0,0,0,0,0
10374,1,1,0,0,0,1,1,1,1,Não,1,0,1,1,0,1,1,1,0
10376,1,1,1,1,1,0,0,1,0,Não,1,1,1,1,1,1,1,1,0
10383,0,0,0,0,0,0,0,0,0,Não,0,0,0,0,0,0,0,0,0
10384,1,0,1,1,0,0,0,1,0,Não,1,1,1,1,1,1,1,0,0
10389,1,1,1,1,1,0,0,1,0,Sim,1,0,1,1,1,1,1,0,0
10395,1,0,0,0,0,0,0,0,0,Não,0,0,1,1,0,0,0,0,0
10400,1,0,0,1,0,0,1,0,1,Sim,1,1,1,1,1,0,0,0,1
10410,1,1,0,0,0,1,0,0,0,Sim,0,1,1,1,1,1,0,0,1
10413,0,1,1,1,1,0,1,1,0,Sim,1,1,1,1,1,1,1,0,0
10430,1,0,1,0,0,0,1,1,1,Não,1,1,1,1,1,1,1,1,1
10438,1,1,1,1,1,0,0,1,0,Não,0,1,1,1,0,0,0,1,0
10448,1,1,0,0,0,0,0,0,0,Sim,1,0,1,1,1,1,1,0,0
10474,1,1,0,0,0,0,0,1,0,Sim,1,0,1,1,1,1,1,0,0
10476,0,0,1,1,1,1,1,1,1,Sim,1,0,1,1,1,1,1,0,0
10518,0,0,0,0,0,0,0,0,0,Não,0,0,1,0,0,0,0,0,0
10519,1,1,1,1,1,0,0,0,0,Sim,1,0,1,1,1,1,0,0,0
10528,1,0,0,1,0,0,0,0,0,Não,0,0,1,1,0,0,0,0,0
10532,1,0,1,1,1,0,0,1,0,Não,1,0,1,1,0,1,1,0,0
10538,1,1,1,0,0,0,0,1,0,Sim,1,0,1,1,1,1,1,0,0
10543,1,1,1,1,1,1,1,1,1,Sim,1,1,1,1,1,0,1,1,1
10560,1,1,1,1,1,0,0,1,0,Sim,1,1,1,1,1,1,1,0,0
10562,1,1,0,0,0,0,0,0,0,Sim,1,0,1,1,1,0,1,0,0
10574,1,1,1,1,0,0,0,1,0,Sim,1,1,1,1,1,1,0,0,0
10601,1,0,0,0,0,0,1,0,0,Sim,0,1,0,0,0,0,0,0,0
10610,0,0,1,1,1,0,0,0,0,Não,1,0,1,1,1,0,1,0,0
10612,1,1,1,1,1,0,0,1,0,Sim,1,0,1,1,1,1,1,0,0
10636,1,1,0,0,0,1,1,0,0,Não,1,0,1,1,1,1,1,0,0
10642,0,0,0,0,0,0,0,0,0,Não,0,0,1,0,0,0,0,0,0
10651,0,0,0,0,0,0,0,0,0,Não,1,0,1,1,1,1,0,0,0
10652,1,1,1,1,1,0,0,1,0,Sim,1,1,1,1,1,1,1,0,0
10656,1,0,1,1,1,0,0,1,0,Sim,1,0,1,1,1,1,1,0,0
10658,0,1,0,0,0,0,0,0,0,Não,0,0,1,1,1,0,1,0,0
10676,0,1,0,0,0,1,1,0,1,Sim,0,1,1,1,1,1,0,1,1
10687,0,1,1,0,0,0,0,0,0,Não,0,0,0,0,0,0,1,0,0
10696,0,0,1,0,0,0,0,0,0,Não,1,0,1,1,1,1,1,0,0
10716,1,0,0,1,1,0,0,0,0,Não,0,1,1,1,0,0,0,0,0
10737,1,1,1,0,1,0,0,1,0,Não,1,0,1,1,1,1,1,0,0
10744,1,0,0,0,0,1,1,0,1,Sim,1,0,1,1,1,1,0,0,0
10760,1,1,1,1,1,0,0,1,0,Sim,1,0,1,1,1,1,1,0,0
10761,1,1,1,0,0,0,0,1,0,Sim,1,0,1,1,0,0,1,0,0
10769,1,0,0,0,0,0,0,0,0,Não,0,0,0,0,0,0,0,0,0
10772,1,1,1,1,1,0,0,1,0,Sim,1,0,1,1,1,1,1,0,0
10776,1,1,1,1,1,0,0,1,0,Não,1,0,1,1,1,1,0,1,0
10784,1,0,0,0,0,0,0,0,0,Não,1,0,0,0,0,0,0,0,0
10810,1,1,0,1,1,0,0,1,0,Não,0,0,1,1,1,1,1,0,0
10817,1,0,1,1,1,0,0,1,0,Não,1,1,1,1,1,1,1,0,0
10835,1,1,1,1,0,0,0,1,0,Sim,1,0,1,1,1,1,1,0,0
10844,1,1,1,0,1,0,1,1,0,Sim,0,1,1,1,1,1,1,0,0
10846,0,0,0,0,0,0,0,0,0,Não,0,0,0,0,0,0,0,0,0
10859,1,1,1,1,0,0,0,1,1,Sim,1,1,1,1,1,1,1,1,1
10872,1,1,1,1,1,0,0,0,0,Sim,0,1,1,0,0,0,1,0,1
10873,1,1,0,1,0,0,0,0,1,Sim,1,1,0,1,1,1,1,0,1
10876,1,1,1,1,0,0,0,0,0,Sim,1,1,1,1,1,1,1,0,1
10897,0,1,1,1,0,0,0,0,0,Não,1,0,1,1,0,1,1,0,0
