id,quesm1,quesm1r,forum1,forum2,forum3,forum4,ativcolm1,ativcolm1r,forum1r,aprovado
7,1,0,1,0,1,1,1,0,0,Sim
33,1,0,1,1,1,1,1,0,1,Sim
45,1,0,1,1,1,1,1,0,0,Sim
50,1,0,0,0,1,0,1,0,0,Sim
58,0,0,0,0,0,0,0,0,0,Não
59,0,0,0,0,0,0,0,0,0,Não
67,1,1,1,1,1,1,1,1,1,Não
70,1,0,1,1,0,1,1,0,0,Não
73,1,0,1,1,1,1,1,0,0,Não
82,1,1,1,0,1,1,1,0,0,Não
86,1,1,1,1,1,1,1,0,0,Sim
91,1,0,0,0,0,1,1,0,0,Sim
97,1,1,1,1,1,1,1,0,1,Sim
126,1,1,1,1,1,1,1,0,0,Sim
137,0,0,0,0,0,0,0,0,0,Não
143,1,0,0,0,0,0,0,0,0,Não
144,1,1,1,1,1,1,1,0,0,Sim
146,1,0,1,1,1,1,1,0,0,Sim
152,1,0,1,1,1,1,1,0,0,Não
169,1,0,1,1,1,1,1,0,0,Sim
198,0,0,0,0,0,0,0,0,0,Não
199,0,1,1,0,0,0,0,1,1,Sim
204,1,1,1,1,1,1,0,1,1,Não
218,1,1,1,1,1,1,1,0,0,Sim
231,1,0,1,1,1,1,1,0,0,Não
232,0,1,0,0,0,0,0,0,0,Não
237,0,0,0,0,0,0,0,0,0,Não
247,1,0,1,1,1,1,1,0,0,Não
271,0,1,0,1,1,0,0,0,1,Não
291,1,1,1,1,1,1,1,0,0,Não
303,1,1,1,1,1,1,1,0,0,Sim
308,1,0,1,1,1,1,1,0,0,Sim
315,0,0,0,0,0,0,0,0,0,Não
316,1,0,1,1,1,1,1,0,0,Sim
326,0,0,1,1,1,0,0,0,0,Não
329,1,0,1,1,1,1,1,0,0,Não
330,1,0,0,0,1,1,1,0,0,Não
335,0,0,1,1,0,0,0,0,0,Sim
337,1,1,1,1,1,0,1,0,0,Não
339,0,0,1,0,0,0,1,0,0,Não
400,1,0,1,1,1,1,1,0,0,Não
451,1,0,1,1,1,1,0,0,0,Não
464,0,1,0,0,0,0,0,0,0,Não
487,0,0,0,0,0,0,1,1,0,Sim
488,1,1,1,1,1,0,1,0,0,Sim
498,1,0,1,1,1,1,1,0,0,Não
527,1,0,1,1,1,0,1,0,0,Sim
545,1,0,1,1,1,1,1,0,0,Sim
577,1,0,1,1,1,1,1,0,0,Sim
589,1,1,1,1,1,0,0,1,1,Não
604,1,0,1,1,1,1,1,0,0,Sim
613,1,0,1,1,1,1,1,0,0,Sim
622,0,1,1,1,1,1,1,0,1,Não
630,1,0,1,1,1,1,1,0,0,Sim
635,1,1,1,1,1,1,0,1,1,Sim
640,1,0,1,1,1,1,1,0,0,Sim
646,1,1,1,1,1,1,1,1,1,Sim
650,1,1,1,1,1,1,1,0,0,Não
652,1,0,1,1,1,0,1,0,0,Sim
658,0,0,1,1,1,1,1,0,0,Não
667,1,1,1,0,1,1,1,0,1,Não
668,1,0,1,1,1,1,0,0,0,Sim
671,0,1,1,1,1,1,1,0,0,Sim
689,1,1,1,1,1,1,1,0,0,Sim
696,1,0,1,1,1,0,1,0,1,Sim
720,1,1,1,1,1,1,1,0,0,Sim
738,0,0,1,1,1,1,0,0,0,Sim
739,1,0,1,1,1,1,1,0,0,Sim
742,0,0,1,1,1,0,0,0,0,Não
746,0,1,1,1,1,1,0,0,1,Sim
749,0,0,1,1,1,1,0,0,0,Sim
750,0,0,1,1,0,1,1,0,0,Não
751,1,0,1,1,1,1,1,0,0,Sim
754,1,0,1,1,1,1,1,0,0,Sim
776,1,0,1,1,1,0,0,0,0,Não
778,0,1,1,1,1,0,0,0,1,Não
795,1,0,1,1,0,0,1,0,0,Não
799,1,0,1,1,1,1,0,0,0,Não
803,0,0,1,1,1,1,0,0,0,Não
806,1,0,1,1,1,1,1,0,0,Sim
814,1,0,1,1,1,1,1,0,0,Sim
820,1,0,1,1,1,1,0,0,0,Não
821,1,1,1,1,1,1,1,0,0,Não
827,1,1,1,1,1,1,0,1,1,Não
840,1,0,1,1,1,1,1,0,0,Sim
852,1,0,1,1,1,0,1,0,0,Não
866,1,1,1,1,1,1,0,0,0,Não
913,0,1,0,1,0,0,1,1,1,Sim
931,1,0,1,1,1,1,0,0,0,Não
933,1,1,1,1,1,1,0,1,1,Sim
948,1,1,1,1,1,1,1,0,0,Não
956,1,0,1,1,1,1,1,1,0,Sim
959,1,1,1,1,1,1,1,1,1,Sim
964,1,0,1,1,1,1,1,0,0,Não
977,1,0,1,1,1,1,1,0,0,Não
1001,1,0,1,1,1,1,0,0,0,Sim
1016,1,0,1,1,1,1,0,0,0,Não
1020,1,0,1,1,1,1,1,0,0,Não
1024,1,0,1,1,1,1,1,0,0,Sim
1028,1,0,1,1,1,1,1,0,0,Não
1042,1,1,1,1,1,0,0,0,1,Não
1046,1,0,1,1,1,1,1,0,0,Sim
1052,0,0,0,0,0,0,0,0,0,Não
1071,1,1,1,1,1,1,1,0,0,Não
1072,0,1,0,0,0,0,0,1,1,Não
1082,1,1,0,1,1,1,1,0,0,Sim
1086,1,0,1,1,1,1,0,0,0,Sim
1088,1,0,1,1,1,1,1,0,0,Sim
1089,1,0,1,1,1,1,1,0,0,Sim
1094,0,0,0,0,0,0,0,0,0,Não
1114,1,0,1,1,1,1,1,0,0,Sim
1118,1,0,1,1,1,1,1,0,0,Não
1133,1,0,0,1,1,1,1,1,1,Sim
1150,0,0,1,0,0,1,0,0,0,Não
1188,1,0,1,1,1,1,1,0,0,Não
1214,1,1,1,1,1,1,1,0,0,Não
1224,1,1,1,0,0,0,0,0,0,Não
1241,1,0,1,1,1,0,0,0,0,Sim
1242,0,0,1,1,1,0,0,0,0,Não
1285,1,1,1,1,1,1,1,0,0,Não
1292,1,0,1,1,1,1,1,0,0,Sim
1299,1,0,1,1,1,1,1,0,0,Não
1383,0,1,1,1,0,0,0,1,1,Sim
1385,1,0,1,1,1,1,1,0,0,Sim
1403,0,0,1,0,0,0,0,0,0,Não
1410,1,1,1,1,1,1,0,0,1,Não
1419,1,0,1,1,1,1,1,0,0,Sim
1420,0,1,1,1,1,0,0,0,1,Sim
1447,0,1,1,1,1,1,0,0,1,Não
1449,0,0,1,1,1,1,1,0,0,Não
1461,0,1,1,1,1,1,0,1,1,Sim
1462,1,0,1,1,1,1,1,0,0,Sim
1466,1,1,1,1,1,1,1,0,0,Sim
1489,1,0,1,1,1,1,1,0,0,Sim
1495,1,0,1,1,1,1,1,0,0,Sim
1500,1,0,1,0,0,0,1,0,0,Não
1512,0,1,1,1,1,1,1,0,0,Sim
1524,1,0,1,1,1,1,1,0,0,Sim
1540,0,1,1,1,1,1,1,0,0,Não
1548,0,0,0,0,0,0,0,0,0,Não
1550,1,0,1,1,1,1,1,0,0,Não
1578,1,0,1,1,1,1,1,0,0,Não
1582,1,0,1,1,1,1,1,0,0,Não
1589,1,0,1,1,1,1,1,0,0,Não
1590,1,0,1,1,1,1,1,0,0,Sim
1605,1,0,1,1,1,1,1,0,0,Sim
1610,0,1,1,1,1,0,1,1,1,Sim
1612,1,0,1,1,1,1,1,0,0,Não
1640,1,0,1,1,1,1,1,0,0,Sim
1644,1,0,1,1,1,1,1,0,0,Não
1649,0,1,1,1,1,1,0,1,1,Não
1672,0,0,1,1,1,0,0,0,0,Não
1689,0,0,0,0,0,0,0,0,0,Não
1698,1,0,1,1,1,1,1,0,0,Não
1728,0,0,1,1,1,1,0,0,0,Não
1735,1,0,1,1,1,1,1,1,0,Não
1747,0,1,1,1,1,0,0,1,0,Não
1768,1,0,1,1,1,1,1,0,0,Não
1776,1,0,1,1,1,1,0,0,0,Sim
1792,1,0,1,1,1,1,1,0,0,Sim
1798,0,0,0,0,0,0,0,0,0,Não
1806,1,0,1,1,1,1,1,0,0,Não
1812,1,0,1,1,1,1,1,0,0,Não
1813,1,0,0,0,0,0,0,0,0,Não
1816,0,0,1,1,1,1,1,0,0,Não
1825,1,0,1,1,1,1,1,0,0,Sim
1834,0,0,0,0,0,0,0,0,0,Não
1857,1,1,1,1,1,1,1,0,0,Sim
1866,1,0,1,1,1,0,1,0,0,Sim
1878,1,0,1,1,1,1,1,0,0,Sim
1885,1,0,1,1,1,1,1,0,0,Sim
1911,0,0,0,0,0,0,0,0,0,Não
1919,1,1,1,1,1,1,1,0,1,Sim
1925,0,1,1,1,1,1,0,1,1,Não
1928,1,1,1,1,1,0,0,1,0,Não
1931,1,0,1,1,1,1,1,0,0,Sim
1937,0,0,0,0,0,0,0,0,0,Não
1945,1,0,1,1,1,1,1,0,0,Sim
1955,1,1,1,1,1,1,0,1,1,Não
1976,1,0,1,1,1,1,1,0,0,Sim
1980,1,0,1,1,1,0,1,0,0,Sim
2002,1,0,1,1,1,1,1,0,0,Não
2014,1,0,1,1,1,1,1,0,0,Sim
2030,0,0,0,0,0,0,0,0,0,Não
2057,1,1,1,1,1,1,1,0,0,Não
2080,1,1,1,1,1,1,1,0,0,Sim
2086,1,0,1,1,1,1,0,0,0,Sim
2098,0,1,0,0,0,0,0,1,1,Sim
2100,1,1,1,1,1,1,1,0,0,Sim
2102,1,0,1,1,1,1,1,0,0,Sim
2145,1,0,1,1,1,1,1,0,0,Sim
2147,1,0,1,1,1,1,1,0,0,Não
2158,0,0,0,0,0,0,0,0,0,Não
2248,1,0,1,1,1,1,1,0,0,Não
2266,1,0,1,0,0,0,1,0,0,Não
2275,1,1,1,1,1,1,1,1,0,Não
2293,1,0,1,1,1,1,1,0,0,Sim
2325,1,0,1,1,1,1,1,0,0,Não
2334,0,1,1,1,1,0,0,0,1,Não
2337,0,0,0,0,0,0,0,0,0,Não
2342,1,0,1,1,1,1,1,0,0,Sim
2343,1,0,1,1,1,1,1,0,0,Sim
2346,0,0,1,1,1,1,0,0,0,Não
2355,0,1,1,0,0,0,0,1,0,Sim
2378,0,0,0,0,0,0,0,0,0,Não
2392,1,0,1,1,1,1,1,0,0,Não
2407,1,1,1,1,1,1,1,1,0,Não
2414,1,0,1,1,1,1,0,0,0,Sim
2416,0,1,1,1,1,1,0,1,1,Não
2418,1,0,1,1,1,1,1,0,0,Não
2423,0,0,1,1,0,0,1,0,0,Não
2433,0,0,0,0,0,0,0,0,0,Não
2444,1,1,1,1,1,1,0,0,0,Sim
2448,1,0,1,1,1,0,1,1,0,Não
2452,1,0,1,1,1,1,1,0,0,Sim
2465,1,0,1,1,1,1,1,0,0,Não
2472,1,0,1,1,1,1,1,0,0,Não
2480,1,0,1,1,1,1,1,0,0,Não
2481,0,1,0,0,0,0,0,0,0,Não
2495,1,0,1,1,1,1,1,0,0,Não
2499,1,0,1,1,1,1,1,0,0,Sim
2503,1,0,1,1,1,1,0,0,0,Sim
2511,1,0,1,1,1,1,1,0,0,Não
2522,1,1,1,1,1,1,1,0,0,Sim
2529,1,0,1,1,1,1,1,0,0,Não
2561,1,0,1,1,1,1,1,0,0,Não
2562,0,0,1,1,1,1,1,0,0,Não
2568,1,0,1,1,1,1,1,0,0,Não
2570,0,1,0,0,0,0,1,1,1,Sim
2579,1,0,1,1,1,1,1,0,0,Sim
2581,1,0,1,1,1,0,0,0,0,Não
2615,0,0,0,0,0,0,0,0,0,Não
2618,1,0,1,1,1,1,1,0,0,Não
2619,1,0,1,1,1,1,1,0,0,Sim
2622,1,0,1,1,1,1,1,0,0,Não
2623,0,1,0,0,0,0,0,0,1,Sim
2629,1,0,1,1,1,1,1,0,0,Sim
2632,1,0,1,1,1,0,1,0,0,Sim
2655,0,1,1,1,1,1,0,0,1,Não
2666,1,0,1,1,1,1,1,0,0,Não
2671,1,1,1,1,1,0,0,0,1,Não
2691,0,1,1,1,1,1,1,1,1,Não
2698,1,0,1,1,1,1,1,0,0,Não
2730,1,1,1,1,1,0,0,0,1,Não
2740,1,1,1,1,1,1,1,0,0,Sim
2742,0,0,0,0,0,0,0,0,0,Não
2746,1,0,1,1,1,1,1,0,0,Sim
2757,1,1,1,1,1,1,1,0,0,Sim
2782,1,0,1,1,1,1,0,0,0,Não
2795,1,0,1,1,1,1,1,0,0,Sim
2796,0,0,0,0,0,0,0,0,0,Não
2827,1,0,1,1,1,1,1,0,0,Não
2840,0,0,0,0,0,0,0,0,0,Não
2842,1,0,1,1,1,1,1,0,0,Sim
2849,1,0,1,1,1,1,0,0,0,Não
2857,1,0,1,1,1,1,1,1,0,Sim
2859,1,0,1,1,1,1,0,1,0,Não
2872,1,0,1,1,0,0,1,0,0,Não
2903,0,0,1,0,0,0,0,0,0,Não
2914,0,0,0,0,0,0,0,0,0,Não
2921,1,0,1,1,1,1,1,0,0,Sim
2928,1,0,1,1,1,1,0,0,0,Não
2930,0,0,0,0,0,0,0,0,0,Não
2936,1,0,1,1,1,1,1,0,0,Não
2944,1,1,1,1,0,1,1,1,1,Não
2947,1,0,1,1,1,1,1,0,0,Sim
2955,0,0,1,1,1,1,1,0,0,Não
3001,1,0,1,1,1,1,1,0,0,Não
3018,1,0,1,1,1,1,1,1,0,Sim
3057,1,1,1,1,1,1,1,0,1,Sim
3058,0,0,0,0,0,0,0,0,0,Não
3061,1,0,1,1,1,1,1,0,0,Sim
3068,0,0,1,1,0,0,0,0,0,Não
3078,0,0,1,1,0,0,0,0,0,Não
3084,1,1,1,1,1,1,1,0,0,Sim
3101,1,0,1,1,1,1,1,0,0,Não
3105,0,0,0,0,0,0,0,0,0,Não
3106,1,0,1,1,1,0,1,0,0,Não
3110,0,0,0,0,0,0,0,0,0,Não
3124,0,1,1,1,1,0,0,0,1,Sim
3131,0,0,1,1,1,0,0,0,0,Não
3140,0,1,1,1,1,1,0,0,0,Sim
3148,1,1,1,1,1,1,1,0,0,Sim
3158,1,0,1,1,1,1,1,0,0,Sim
3174,1,1,1,1,1,1,0,1,1,Sim
3216,0,0,0,0,0,0,0,0,0,Não
3222,1,0,1,1,0,0,1,0,0,Não
3246,1,1,1,1,1,0,1,0,0,Não
3248,0,1,1,1,1,1,1,1,1,Sim
3253,0,1,1,1,1,1,1,0,1,Não
3258,1,0,1,1,1,1,1,0,0,Sim
3261,1,0,1,1,1,1,1,0,0,Não
3277,1,0,1,1,1,1,0,0,0,Sim
3279,1,0,1,1,1,1,1,0,0,Sim
3280,1,1,1,1,1,1,1,0,0,Sim
3313,1,0,1,1,1,1,1,0,0,Sim
3364,0,1,1,1,1,1,1,1,0,Sim
3407,0,0,1,1,1,1,0,0,0,Não
3425,1,0,1,1,1,1,1,0,0,Não
3432,0,1,1,1,1,0,0,0,0,Sim
3460,1,0,1,1,1,1,1,0,0,Sim
3501,0,0,1,0,0,0,0,0,0,Não
3528,1,0,1,1,1,1,1,0,0,Não
3585,0,0,1,1,1,1,1,0,0,Não
3604,1,0,1,1,1,1,1,0,0,Sim
3610,1,1,1,1,1,1,0,1,1,Não
3616,0,0,1,1,0,0,0,0,0,Não
3641,1,0,1,1,1,1,1,0,0,Sim
3645,0,0,0,0,0,0,0,0,0,Não
3657,0,0,0,0,0,0,1,0,0,Não
3663,1,1,1,1,1,0,0,0,0,Não
3664,1,1,1,1,1,1,1,0,0,Não
3666,1,0,1,1,1,1,1,0,0,Não
3667,0,0,1,1,1,1,1,0,0,Não
3669,1,0,0,0,1,1,1,0,1,Sim
3673,1,0,1,1,1,1,1,0,0,Não
3676,1,0,1,1,1,1,1,0,0,Não
3679,1,0,1,1,1,1,1,0,0,Sim
3690,1,0,1,1,1,1,1,0,0,Sim
3706,1,0,1,1,1,1,1,0,0,Sim
3707,0,0,1,1,1,0,1,0,0,Sim
3718,0,1,0,0,0,0,0,1,1,Sim
3726,1,1,1,1,1,1,1,0,0,Sim
3748,1,1,1,1,1,1,1,1,0,Não
3750,1,0,1,1,1,1,1,0,0,Sim
3764,1,1,1,1,1,1,1,0,0,Sim
3777,1,0,1,1,1,0,1,0,0,Sim
3784,1,1,1,1,1,1,1,0,0,Sim
3787,0,1,1,1,1,1,0,0,1,Não
3790,0,1,1,1,1,1,0,1,1,Não
3791,1,0,1,1,1,1,1,0,0,Não
3795,1,0,1,1,1,1,1,0,0,Sim
3822,0,1,1,1,1,1,1,1,0,Sim
3838,0,0,1,0,0,0,0,0,0,Não
3841,1,0,1,1,1,0,0,0,0,Não
3843,1,0,1,1,1,1,1,0,0,Não
3845,0,1,0,0,0,1,0,1,0,Não
3897,0,1,1,1,1,1,1,0,0,Sim
3903,1,0,1,1,1,1,1,1,1,Sim
3906,1,0,1,1,1,1,1,0,0,Sim
3937,0,0,0,0,0,0,0,0,0,Não
3943,1,0,1,1,1,1,1,1,0,Sim
3949,0,0,0,0,0,0,1,0,0,Não
3952,1,0,1,1,1,1,1,0,0,Sim
3954,0,0,1,1,1,1,1,0,0,Sim
3987,1,0,1,1,1,0,1,0,0,Sim
3993,1,1,1,1,1,1,1,1,1,Sim
4063,1,1,1,1,1,1,1,0,0,Sim
4069,0,0,0,0,0,0,0,0,0,Não
4106,1,0,1,1,1,1,1,0,0,Sim
4112,1,0,1,1,1,1,1,0,0,Sim
4114,1,1,1,1,1,1,0,0,0,Sim
4129,1,0,1,1,1,1,1,0,0,Sim
4143,1,1,1,1,1,1,0,0,1,Sim
4157,1,1,1,1,1,1,1,1,1,Não
4158,1,0,1,1,1,1,1,0,0,Sim
4159,0,0,1,1,1,1,1,0,0,Sim
4161,0,0,0,0,0,0,1,0,0,Sim
4165,0,0,1,1,1,1,1,0,0,Não
4166,1,1,1,1,1,1,0,0,0,Não
4181,0,0,0,0,0,0,0,0,0,Não
4188,1,0,1,1,1,1,1,0,0,Sim
4191,1,0,1,1,1,1,1,0,0,Sim
4192,1,0,1,1,1,1,1,0,0,Não
4201,1,0,1,1,1,1,1,0,0,Não
4228,1,0,1,1,1,1,1,0,0,Sim
4238,1,1,0,1,1,0,1,0,0,Sim
4261,0,1,1,1,1,1,0,0,0,Não
4265,0,0,1,1,1,1,1,0,0,Sim
4267,1,0,1,1,1,1,1,0,0,Não
4280,0,0,0,0,0,0,1,0,0,Não
4281,0,1,1,1,1,1,0,0,0,Não
4287,1,1,1,1,1,1,1,0,1,Não
4289,1,0,1,0,1,1,1,0,0,Sim
4298,0,0,1,1,1,0,0,0,0,Não
4305,0,0,0,0,0,0,0,0,0,Não
4312,1,1,1,1,1,1,1,1,1,Sim
4346,1,0,1,1,1,1,0,0,0,Não
4378,0,0,1,1,1,1,0,0,0,Não
4381,1,0,1,1,1,0,1,0,0,Sim
4383,0,0,1,1,1,1,1,0,0,Não
4390,0,1,1,1,1,0,0,1,1,Sim
4395,1,0,1,1,1,1,1,0,0,Sim
4396,1,1,1,1,1,1,1,0,0,Não
4409,1,1,1,0,0,0,0,1,1,Não
4429,1,0,1,1,0,1,1,0,0,Não
4448,1,0,1,1,1,1,1,0,0,Não
4450,0,0,1,1,1,0,1,0,0,Não
4453,0,0,1,1,1,1,1,0,0,Sim
4460,1,0,1,1,1,1,0,0,0,Não
4482,1,0,1,1,1,1,1,0,0,Sim
4502,1,1,1,1,1,1,1,0,0,Não
4512,1,1,1,1,1,1,1,0,0,Sim
4520,1,1,1,1,1,1,1,0,0,Sim
4545,1,0,1,1,1,1,1,0,0,Sim
4561,1,1,1,1,1,1,1,0,0,Não
4564,1,0,1,1,1,1,1,0,1,Sim
4576,1,1,1,1,1,1,1,0,0,Sim
4581,0,0,0,1,0,0,0,0,0,Não
4586,0,0,0,0,0,0,0,0,0,Não
4594,0,0,0,0,0,0,0,0,0,Não
4604,1,0,1,1,1,1,1,0,0,Não
4609,1,0,1,1,1,1,0,0,0,Não
4619,1,0,1,1,1,1,0,0,0,Não
4636,0,0,0,0,0,0,0,0,0,Não
4641,1,0,1,1,1,1,1,0,0,Não
4656,1,0,1,0,0,0,0,0,0,Não
4674,1,0,1,1,1,1,1,0,0,Sim
4676,1,0,1,1,1,1,1,0,0,Não
4680,1,0,1,1,1,1,1,0,0,Não
4685,1,0,1,1,1,1,1,0,0,Não
4689,1,0,1,1,1,1,1,0,0,Não
4700,1,0,1,1,1,1,1,0,0,Sim
4718,0,1,0,0,0,0,0,1,1,Não
4732,0,1,1,1,1,1,0,1,1,Não
4744,0,0,1,0,0,0,1,0,0,Não
4750,0,0,0,0,0,0,0,0,0,Não
4759,1,1,1,1,1,1,0,1,0,Sim
4772,1,1,1,1,1,1,0,0,1,Sim
4793,1,0,1,1,1,0,1,0,0,Não
4796,1,1,1,1,1,1,1,1,0,Sim
4804,1,0,1,1,1,1,1,0,0,Sim
4807,1,0,1,1,1,0,0,0,0,Não
4811,0,1,1,1,0,0,1,1,1,Não
4814,1,0,1,1,0,0,1,0,0,Não
4829,0,0,1,1,0,0,1,0,0,Não
4852,0,0,1,1,0,0,0,0,0,Não
4853,0,1,0,0,0,0,1,1,0,Não
4856,0,1,1,1,1,1,0,0,1,Não
4923,1,1,1,1,1,1,0,1,0,Não
4927,1,0,1,1,1,1,1,0,0,Sim
4928,1,0,1,1,1,1,0,0,0,Não
4931,1,1,1,1,1,1,0,0,0,Não
4936,0,1,1,1,1,1,1,1,1,Não
4949,1,1,1,1,1,1,0,1,1,Sim
4988,1,0,1,1,1,1,1,0,0,Não
4991,0,0,1,0,0,0,0,0,0,Não
5015,1,0,1,1,1,1,0,0,0,Não
5016,1,0,1,1,1,1,1,0,0,Não
5036,0,1,1,1,1,1,1,0,1,Sim
5037,0,1,1,1,1,1,1,1,1,Sim
5049,1,0,1,1,1,1,1,0,0,Não
5052,1,0,1,1,1,1,1,0,1,Não
5096,0,0,1,0,0,0,0,0,0,Não
5097,1,1,1,1,1,1,1,0,0,Sim
5137,1,0,0,0,0,0,0,0,0,Não
5139,0,0,0,0,0,0,0,0,0,Não
5152,0,0,1,1,1,1,1,0,0,Sim
5158,0,0,1,1,1,1,1,0,0,Não
5162,1,0,1,1,1,1,0,0,0,Não
5228,0,1,1,1,1,1,1,1,1,Sim
5237,0,1,0,0,0,0,0,1,1,Não
5242,0,1,1,0,0,0,0,1,1,Não
5244,1,0,1,1,1,1,1,0,0,Não
5245,0,0,0,0,0,0,0,0,0,Não
5249,1,1,1,1,1,1,1,0,1,Sim
5254,1,1,0,0,0,0,0,0,0,Sim
5299,0,1,1,0,0,0,0,1,1,Sim
5346,0,1,1,1,1,0,1,0,0,Sim
5356,1,0,0,1,0,1,1,0,0,Não
5361,1,0,1,1,1,1,1,0,0,Sim
5364,1,0,1,1,1,1,1,0,1,Não
5368,1,0,1,1,1,1,1,0,0,Sim
5372,0,1,1,1,1,0,0,0,1,Não
5383,0,0,1,1,0,0,0,0,0,Não
5433,1,0,1,1,1,1,1,0,0,Não
5447,1,0,1,1,1,1,1,0,0,Sim
5458,1,0,0,1,1,0,1,0,0,Não
5459,1,0,1,1,1,1,1,0,0,Não
5469,1,0,1,1,1,1,1,0,0,Sim
5470,1,1,1,1,1,1,1,0,0,Sim
5481,1,0,1,1,1,1,1,0,0,Sim
5482,1,1,1,1,1,1,1,0,1,Sim
5484,0,0,0,0,0,0,0,0,0,Não
5485,1,0,1,1,1,1,1,0,0,Sim
5489,1,1,1,1,1,1,1,0,0,Não
5493,1,0,1,1,1,1,1,0,0,Sim
5506,1,0,1,1,1,1,1,0,0,Sim
5516,1,0,1,1,1,0,1,0,0,Sim
5535,1,0,1,1,1,1,1,0,0,Não
5540,1,1,1,1,1,1,1,0,0,Não
5576,1,0,1,1,1,1,0,0,0,Não
5585,1,0,1,1,0,1,0,0,0,Não
5588,1,1,1,1,1,1,1,0,0,Sim
5622,1,1,1,0,0,0,1,1,1,Sim
5631,1,0,1,1,0,1,1,0,0,Sim
5645,0,1,1,1,1,1,1,0,0,Sim
5658,1,1,1,1,1,1,1,1,0,Sim
5663,0,1,1,1,1,0,0,0,0,Não
5672,0,0,1,1,1,1,0,0,0,Não
5675,1,0,1,1,1,1,1,0,0,Não
5679,1,0,1,1,1,1,1,0,0,Não
5681,1,0,1,1,1,1,1,0,0,Não
5695,1,0,1,1,1,1,1,0,0,Não
5703,1,0,1,1,1,1,0,0,0,Sim
5709,1,1,1,1,1,1,1,0,1,Não
5727,1,1,1,1,1,1,1,0,0,Sim
5738,0,0,1,1,0,0,0,0,0,Não
5748,1,0,1,1,1,1,1,0,0,Não
5753,1,1,1,1,1,1,1,0,0,Sim
5757,1,0,1,0,0,0,1,0,0,Não
5763,0,0,1,0,0,0,0,0,0,Não
5764,0,1,1,1,1,1,1,0,0,Sim
5771,1,0,1,1,1,1,1,0,0,Não
5773,1,0,1,1,1,1,1,0,0,Sim
5776,1,0,1,1,1,1,1,0,0,Sim
5777,1,0,0,0,0,0,0,0,0,Não
5783,0,1,1,1,1,1,0,1,1,Não
5799,1,0,1,1,1,1,1,0,0,Sim
5848,1,0,1,1,1,1,1,0,0,Não
5849,1,0,1,1,1,1,0,0,0,Não
5881,1,1,1,1,1,1,1,1,1,Não
5890,1,0,1,1,1,1,1,0,0,Sim
5893,0,0,1,1,1,0,0,0,0,Não
5910,1,1,1,0,1,0,0,0,0,Não
5917,1,0,1,1,1,1,1,0,0,Sim
5919,1,0,1,1,1,1,1,0,0,Sim
5923,1,1,0,0,0,0,0,1,1,Sim
5927,1,0,1,1,1,1,0,0,0,Não
5935,1,1,1,1,1,1,1,1,1,Sim
5943,0,0,1,0,0,0,0,0,0,Não
5944,1,1,1,1,1,1,1,1,0,Sim
5951,0,0,0,0,0,0,0,0,0,Não
5967,0,0,0,0,0,0,0,0,0,Não
5968,1,0,1,1,1,1,1,0,0,Não
5976,1,0,1,1,1,1,1,0,0,Não
5980,1,0,1,1,1,1,1,0,0,Sim
5990,0,0,0,0,0,0,0,0,0,Não
6005,1,0,1,1,1,1,0,0,0,Não
6007,1,1,1,1,0,1,0,0,0,Não
6025,0,0,1,1,1,1,1,0,0,Sim
6034,1,0,1,1,1,1,1,0,0,Não
6038,1,0,1,1,1,0,1,0,0,Sim
6063,0,1,0,0,0,0,0,1,1,Sim
6064,0,0,1,1,0,1,0,0,0,Não
6070,1,1,0,0,0,0,1,0,0,Não
6076,1,0,1,1,1,1,1,0,0,Sim
6108,0,0,1,0,0,0,0,0,0,Sim
6114,1,1,1,0,0,0,1,0,0,Não
6120,0,1,0,0,0,0,0,0,1,Não
6132,0,1,1,1,1,0,1,1,1,Sim
6138,0,0,0,0,0,0,0,0,0,Não
6163,1,0,1,1,1,1,0,0,0,Não
6192,1,1,1,1,1,1,1,0,0,Sim
6194,1,0,1,1,1,1,1,0,0,Não
6218,1,1,1,1,1,1,0,1,0,Não
6228,0,1,1,1,1,1,1,0,1,Sim
6244,1,0,1,1,1,1,1,0,0,Sim
6270,1,0,1,1,1,1,1,0,0,Sim
6275,1,0,1,0,0,0,1,0,0,Não
6297,0,0,0,0,0,0,0,0,0,Não
6302,1,1,1,1,1,1,1,1,1,Sim
6310,0,0,1,1,0,0,0,0,0,Não
6318,1,0,1,1,1,1,1,0,0,Sim
6322,1,0,1,1,0,0,1,0,0,Não
6331,0,1,1,1,1,0,0,1,1,Não
6336,1,0,1,1,1,1,1,0,0,Sim
6345,1,1,1,1,1,1,1,0,0,Sim
6351,0,0,1,1,1,1,0,0,0,Não
6365,1,1,1,1,1,1,0,0,0,Não
6367,0,0,0,0,0,0,1,0,0,Não
6368,1,0,1,1,1,1,1,0,0,Não
6383,0,0,0,0,0,0,1,0,0,Não
6397,1,1,1,1,1,1,0,0,1,Sim
6401,1,0,0,1,1,0,0,0,0,Não
6402,1,0,1,1,1,1,1,0,0,Não
6405,1,0,1,1,1,1,0,0,0,Não
6410,1,0,1,1,1,0,1,0,0,Não
6414,1,0,1,0,1,0,1,0,0,Sim
6417,1,1,1,1,1,1,1,0,0,Sim
6420,1,0,1,1,1,1,1,0,0,Sim
6427,1,0,1,1,1,1,1,0,0,Não
6436,1,0,1,1,1,1,1,0,0,Não
6442,1,0,1,1,1,1,1,0,0,Sim
6451,0,0,1,1,1,1,1,0,0,Não
6510,1,0,1,1,1,1,1,0,0,Não
6518,1,1,1,1,1,1,0,0,1,Não
6540,1,1,1,1,1,1,1,0,0,Sim
6548,1,0,1,1,1,1,1,0,0,Sim
6553,0,0,1,0,0,0,0,0,0,Não
6566,1,0,1,1,1,0,1,0,0,Sim
6567,1,0,1,1,1,1,1,0,0,Não
6581,1,0,1,1,1,1,1,0,0,Não
6583,1,0,1,1,1,1,1,0,0,Não
6590,1,0,0,0,0,0,1,0,0,Não
6591,1,0,1,1,1,1,1,0,1,Não
6592,1,0,1,1,1,1,0,0,0,Não
6606,0,1,1,1,1,0,0,1,1,Sim
6609,0,0,1,0,0,0,0,0,0,Não
6610,0,0,0,0,0,0,0,0,0,Não
6616,1,0,1,1,1,1,1,0,0,Não
6631,1,1,1,1,1,1,1,0,1,Sim
6633,1,0,0,0,0,0,1,0,1,Não
6643,1,0,1,1,1,1,1,0,0,Sim
6672,1,0,1,1,1,1,1,0,0,Sim
6676,1,0,1,1,1,1,1,0,0,Não
6697,1,1,1,1,1,1,0,0,0,Não
6700,0,0,0,0,0,0,0,0,0,Não
6707,1,0,1,1,1,1,1,0,0,Não
6726,0,0,1,1,1,1,1,0,0,Não
6733,0,0,1,1,1,1,1,0,0,Não
6743,1,0,0,1,0,0,1,0,0,Não
6744,1,1,1,1,1,1,1,0,0,Não
6750,1,0,1,1,1,1,1,0,0,Sim
6754,1,0,1,1,1,1,1,0,0,Não
6768,1,0,1,1,1,1,1,0,0,Sim
6781,0,0,0,1,0,0,1,0,0,Não
6787,1,1,1,1,1,0,1,0,0,Não
6788,0,1,1,1,1,1,0,0,0,Sim
6799,1,0,1,1,1,1,1,0,0,Não
6801,1,1,1,1,1,1,1,0,1,Não
6812,1,0,1,1,1,1,1,0,0,Sim
6814,1,0,1,1,1,1,1,0,0,Não
6821,1,1,0,1,1,1,0,0,0,Não
6839,0,0,1,0,0,0,0,0,0,Não
6847,1,0,1,1,1,1,0,0,0,Sim
6851,1,1,1,1,1,0,1,0,0,Sim
6860,0,1,1,0,1,0,0,0,0,Não
6863,0,0,0,0,0,0,0,0,0,Não
6868,1,0,1,1,1,1,1,0,0,Sim
6886,1,0,1,0,1,0,1,0,0,Não
6890,0,0,1,1,1,1,0,0,0,Não
6897,0,0,1,1,1,1,0,1,0,Não
6898,0,1,1,1,1,1,1,0,1,Sim
6900,1,0,1,1,1,1,0,0,0,Não
6926,1,0,1,1,1,1,1,0,0,Não
6928,0,1,1,1,1,0,0,1,1,Sim
6939,1,0,1,1,1,1,1,0,0,Não
6941,1,1,1,1,1,1,1,0,0,Sim
6946,1,1,1,1,1,1,1,1,0,Sim
6957,1,1,1,1,1,1,0,0,1,Sim
6959,1,0,1,1,1,1,1,0,0,Não
6976,0,0,0,0,0,0,0,0,0,Não
6985,1,0,1,1,1,0,0,0,0,Não
6987,1,1,1,1,1,1,1,0,0,Sim
6994,1,1,1,1,1,1,1,1,1,Não
6998,1,0,1,1,1,1,1,0,0,Sim
7003,1,0,1,1,1,1,1,0,0,Não
7026,0,1,0,0,0,0,0,0,0,Não
7032,1,0,1,1,1,1,1,0,0,Não
7033,0,0,1,0,0,0,0,0,0,Não
7035,1,0,1,1,1,1,1,0,0,Não
7049,1,0,1,1,1,1,1,0,0,Sim
7061,0,0,1,1,1,1,1,0,0,Não
7063,0,1,1,1,1,0,1,0,1,Sim
7074,0,0,1,1,1,1,1,0,0,Não
7076,0,1,1,1,1,1,1,1,1,Sim
7088,0,0,0,0,0,0,1,0,0,Não
7105,0,1,0,0,0,0,0,1,0,Sim
7121,1,0,1,1,1,1,1,0,0,Sim
7130,1,0,1,1,0,0,1,1,0,Não
7151,0,0,0,0,0,0,0,0,0,Não
7155,1,0,1,1,1,1,0,0,0,Não
7157,0,0,1,1,1,1,1,0,0,Sim
7162,1,0,1,1,1,1,1,0,0,Sim
7175,1,0,1,1,1,1,1,0,0,Sim
7193,1,0,1,1,1,1,1,0,0,Sim
7194,0,1,1,0,0,0,0,0,1,Sim
7196,1,1,1,1,1,1,0,1,1,Não
7203,1,0,1,1,1,1,1,0,0,Sim
7226,1,0,1,1,1,1,1,0,0,Não
7234,0,0,0,0,0,0,0,0,0,Não
7245,1,0,1,1,1,0,0,1,0,Não
7258,0,0,1,1,1,1,1,0,0,Não
7260,0,1,0,0,0,0,0,1,1,Sim
7275,1,1,1,1,1,1,0,1,1,Não
7277,1,0,1,1,1,1,1,0,0,Não
7286,1,0,1,1,1,1,1,0,0,Sim
7302,1,0,1,1,1,1,1,0,0,Não
7311,1,0,1,1,1,1,1,0,0,Não
7317,1,1,1,1,1,1,1,1,1,Sim
7320,1,0,1,1,1,1,1,0,0,Sim
7326,1,0,1,1,1,1,1,0,0,Não
7331,0,0,1,1,1,0,1,0,0,Não
7367,1,0,1,1,1,1,1,0,0,Sim
7370,0,0,1,1,1,1,0,0,0,Não
7393,1,0,1,1,1,0,0,0,0,Não
7397,1,0,1,1,1,1,1,0,0,Não
7398,1,0,1,1,0,0,0,0,0,Não
7403,1,0,1,1,1,1,0,0,0,Sim
7447,1,0,1,1,1,1,1,0,0,Sim
7454,1,0,1,1,1,1,1,0,0,Sim
7455,1,0,1,1,1,1,1,0,0,Sim
7460,0,0,1,1,1,1,0,0,0,Não
7466,1,0,0,1,0,1,1,0,0,Sim
7471,1,0,1,1,1,1,1,0,0,Sim
7480,1,0,1,1,1,1,1,0,0,Sim
7486,0,0,1,1,1,1,0,0,0,Não
7492,1,0,0,0,0,0,0,0,0,Sim
7493,0,0,1,1,1,1,1,1,1,Sim
7527,0,0,0,0,0,0,0,0,0,Não
7540,0,1,1,1,1,1,1,0,0,Sim
7543,0,0,0,0,0,0,0,0,0,Não
7546,0,0,1,0,0,0,0,0,0,Não
7547,1,0,1,1,1,1,1,0,0,Não
7550,0,0,1,1,1,1,1,0,0,Não
7556,1,0,1,1,1,1,1,0,0,Sim
7569,1,1,1,1,1,1,0,1,0,Não
7588,1,0,1,1,1,1,1,0,0,Sim
7595,1,0,1,1,1,1,1,0,0,Sim
7598,1,1,1,1,1,1,1,0,0,Sim
7606,1,0,1,1,1,1,1,0,0,Sim
7611,0,1,1,1,1,1,0,1,1,Sim
7624,1,0,1,1,1,1,0,0,0,Não
7630,0,1,1,1,1,1,1,0,0,Não
7637,1,0,1,1,1,1,1,0,0,Sim
7663,1,0,1,1,1,0,1,0,0,Sim
7667,0,1,1,1,1,1,0,1,1,Sim
7681,1,0,1,1,1,1,0,0,0,Sim
7685,0,1,0,0,1,0,1,1,1,Sim
7703,0,1,1,1,1,1,1,0,0,Não
7712,0,0,0,0,0,0,0,0,0,Não
7717,1,0,1,1,1,1,1,0,0,Sim
7719,1,0,1,1,1,1,1,0,0,Sim
7820,1,0,1,1,1,1,1,0,0,Não
7826,0,1,1,1,0,1,0,1,1,Não
7842,0,0,1,1,1,1,0,0,0,Não
7845,1,0,1,1,1,1,1,0,0,Não
7855,1,1,0,0,0,0,0,0,0,Não
7859,0,1,1,1,1,1,0,0,0,Sim
7877,0,0,0,0,0,0,0,0,0,Não
7897,1,0,0,0,0,0,0,0,0,Não
7939,1,0,1,1,1,0,1,0,0,Não
7950,1,0,1,1,1,1,1,0,0,Não
7952,1,0,1,1,1,1,1,0,0,Sim
7963,1,0,1,1,1,1,1,0,0,Sim
7966,1,0,1,1,1,1,0,0,0,Sim
7973,0,1,1,1,1,0,1,1,1,Não
7981,1,0,1,1,1,1,1,0,0,Sim
7987,0,0,1,1,1,1,1,0,0,Sim
7993,0,0,1,1,0,0,0,0,0,Não
7995,0,1,1,0,0,0,0,1,1,Não
8027,1,0,1,1,1,1,1,0,0,Não
8033,1,1,1,1,1,1,1,0,0,Sim
8038,1,1,1,1,1,0,0,0,1,Não
8048,1,0,1,1,1,1,1,0,0,Sim
8050,1,0,1,0,0,1,1,1,1,Sim
8062,0,0,1,0,0,0,0,0,0,Não
8072,1,0,1,1,1,0,1,0,0,Sim
8077,1,0,1,1,1,1,1,0,0,Não
8079,1,0,1,1,1,1,1,0,0,Sim
8086,0,0,0,0,0,0,0,0,0,Não
8105,1,1,1,1,1,1,1,0,1,Sim
8107,0,1,1,1,1,0,0,0,1,Não
8114,0,0,1,1,1,0,0,0,0,Não
8117,1,0,0,0,0,0,0,0,0,Não
8119,0,0,1,0,0,0,0,0,0,Não
8133,0,1,0,0,0,0,0,0,1,Não
8147,1,1,1,1,1,1,1,0,0,Sim
8165,1,1,1,1,1,1,1,0,0,Sim
8166,1,1,1,1,1,1,1,0,0,Sim
8171,1,1,1,1,1,0,0,1,1,Sim
8190,1,1,1,1,1,1,1,0,0,Sim
8204,1,0,1,1,1,1,1,0,0,Não
8225,0,1,1,1,1,1,1,1,1,Sim
8255,1,0,1,1,1,1,1,0,0,Não
8257,0,1,1,1,1,1,1,0,0,Não
8274,1,0,1,1,1,1,1,0,0,Sim
8275,0,0,1,0,0,0,0,0,0,Não
8279,1,0,1,1,1,1,1,0,0,Não
8280,1,0,1,1,1,0,0,0,0,Não
8288,0,0,0,0,0,0,0,0,0,Não
8304,1,0,1,1,1,1,0,0,0,Não
8309,1,1,1,1,1,1,0,0,0,Sim
8318,1,0,1,1,1,1,1,0,0,Sim
8325,0,0,1,1,1,1,1,0,0,Não
8388,1,0,1,1,1,1,1,0,0,Não
8390,1,1,0,0,0,0,0,0,0,Não
8403,1,0,1,1,1,0,1,0,0,Sim
8411,0,0,0,0,0,0,0,0,0,Não
8425,1,1,0,0,0,0,0,1,1,Não
8447,1,0,0,0,0,0,0,0,0,Não
8450,0,0,1,1,1,1,1,0,0,Sim
8474,0,0,1,1,1,0,0,0,0,Não
8480,1,1,1,1,1,1,0,0,0,Sim
8554,1,0,1,1,1,1,1,0,0,Não
8561,1,0,1,1,1,1,1,0,0,Sim
8565,1,0,1,1,1,1,1,0,0,Sim
8574,1,1,1,1,1,1,1,1,1,Sim
8575,0,1,0,0,0,0,1,1,0,Sim
8602,1,0,1,1,1,1,1,0,1,Sim
8635,1,0,1,1,1,1,1,0,0,Não
8679,1,0,1,1,1,1,0,0,0,Não
8681,1,0,1,1,1,1,1,0,0,Sim
8682,0,1,0,0,0,0,0,0,0,Não
8685,1,1,1,1,1,0,0,1,1,Não
8695,1,0,1,1,0,1,1,0,0,Não
8700,0,1,1,1,1,1,1,1,1,Não
8703,0,0,1,1,0,0,0,0,1,Não
8712,1,0,1,1,1,1,1,0,0,Não
8716,0,1,0,0,0,0,0,1,1,Sim
8722,1,0,1,1,1,1,1,0,0,Sim
8725,1,0,1,1,1,1,0,0,0,Não
8749,1,0,1,1,1,1,1,0,0,Não
8760,0,1,0,0,0,0,0,0,1,Não
8781,1,0,1,1,1,1,0,0,0,Não
8800,0,1,1,0,1,0,0,0,0,Não
8856,1,0,1,1,1,1,1,0,0,Sim
8877,1,1,1,1,1,1,1,0,0,Sim
8884,1,0,1,1,1,1,0,0,0,Não
8906,1,0,1,1,1,1,1,0,0,Sim
8909,1,0,1,1,1,1,1,0,0,Sim
8914,1,0,1,1,1,1,1,0,0,Não
8931,1,1,1,1,1,1,1,0,0,Sim
8933,1,0,1,1,1,1,1,0,0,Não
8935,0,0,1,0,0,0,0,0,0,Não
8936,0,1,1,1,1,1,0,0,1,Sim
8940,1,0,1,1,1,1,1,0,0,Sim
8941,0,0,1,0,0,0,0,0,0,Não
8968,1,1,1,1,1,1,1,0,0,Sim
8982,1,0,1,1,1,1,1,0,0,Não
8999,1,0,1,1,1,1,1,0,0,Não
9003,0,0,1,0,0,0,0,0,0,Não
9005,0,1,0,0,0,0,0,0,0,Não
9011,1,0,1,1,1,1,1,0,0,Sim
9023,1,1,1,1,1,1,1,0,0,Sim
9025,1,1,1,1,1,1,1,0,1,Não
9027,1,1,1,1,0,0,0,1,1,Sim
9028,0,0,1,1,1,0,1,0,0,Não
9035,1,0,1,0,1,1,1,0,0,Não
9050,0,1,0,0,0,0,0,0,0,Não
9057,1,0,1,1,1,1,1,0,0,Não
9063,1,0,1,1,1,1,1,0,0,Sim
9065,1,0,1,0,0,0,1,0,0,Não
9082,1,0,1,1,1,1,1,0,0,Sim
9091,1,1,1,1,1,1,1,0,0,Não
9101,0,0,0,0,0,0,0,0,0,Não
9104,1,0,1,1,1,1,1,0,0,Sim
9106,0,1,1,0,0,0,0,1,0,Sim
9123,0,0,0,0,0,0,0,0,0,Não
9132,1,0,1,1,1,1,1,0,0,Sim
9141,1,0,1,1,1,1,1,0,1,Sim
9155,1,0,1,1,1,1,0,0,0,Não
9168,0,0,1,1,1,1,0,0,0,Sim
9169,0,0,1,1,1,0,0,0,0,Não
9170,0,1,1,1,1,1,1,0,0,Sim
9171,1,0,1,1,1,1,1,0,0,Não
9195,1,0,1,1,1,1,1,0,0,Sim
9197,0,1,0,0,0,0,0,1,0,Sim
9200,1,0,1,1,1,1,1,0,0,Não
9212,1,0,1,1,1,1,1,0,0,Não
9217,1,1,1,1,1,1,1,0,0,Não
9224,0,1,1,1,1,1,1,0,1,Sim
9233,1,0,1,1,1,1,1,0,0,Sim
9250,1,0,1,1,1,1,1,0,0,Sim
9265,1,1,1,1,1,1,1,0,0,Não
9283,0,0,0,0,0,0,0,0,0,Não
9288,0,0,1,1,0,0,1,0,1,Não
9298,0,0,1,1,0,0,0,0,0,Não
9304,1,0,1,1,1,1,1,0,0,Sim
9306,0,0,1,1,0,0,1,0,0,Não
9314,1,1,1,1,1,1,1,0,0,Não
9323,1,1,1,1,0,1,1,1,1,Não
9326,0,0,0,0,0,0,0,0,0,Não
9332,1,1,1,1,1,1,1,0,0,Não
9336,0,1,1,0,0,0,0,0,0,Não
9337,1,0,1,1,1,1,1,0,0,Sim
9340,1,0,1,1,1,1,1,0,0,Não
9368,0,0,0,0,0,0,1,0,0,Não
9372,1,0,1,1,1,1,0,0,0,Sim
9379,1,0,1,1,1,1,1,0,0,Sim
9389,0,1,1,1,1,1,0,1,1,Sim
9395,1,0,1,1,0,1,1,0,0,Sim
9408,0,1,1,0,0,0,0,0,0,Não
9409,1,0,1,1,1,0,0,0,0,Não
9447,1,0,1,1,1,1,1,0,0,Sim
9453,1,1,1,1,1,1,0,1,1,Não
9462,1,1,1,1,1,1,1,0,0,Não
9472,1,1,1,1,1,1,1,0,0,Sim
9475,1,0,1,1,1,1,1,0,0,Sim
9488,1,0,1,1,1,1,1,0,0,Sim
9492,0,0,0,0,0,0,0,0,0,Não
9495,1,0,1,1,1,1,0,0,0,Não
9496,1,0,1,1,1,1,1,0,0,Não
9503,1,0,1,1,1,1,1,0,0,Sim
9523,1,0,1,1,1,1,0,0,0,Não
9567,1,0,1,1,1,1,0,0,0,Não
9571,1,0,1,1,1,1,1,0,0,Não
9605,1,0,1,1,1,1,0,0,0,Não
9606,1,1,1,1,1,1,0,0,0,Não
9634,1,1,1,0,1,1,0,1,1,Não
9646,1,0,1,1,1,1,1,0,0,Sim
9670,1,1,1,1,0,1,1,0,0,Sim
9676,1,0,1,1,1,1,1,0,0,Sim
9695,1,0,1,1,1,1,1,0,0,Sim
9705,1,0,1,0,0,0,0,0,0,Não
9712,0,0,1,1,1,1,1,0,0,Não
9732,0,1,1,1,1,1,0,1,1,Sim
9739,1,0,1,1,1,1,0,0,0,Não
9745,0,1,1,1,1,0,0,1,1,Sim
9765,0,1,1,1,1,0,0,0,0,Não
9767,1,0,1,1,1,1,1,0,0,Sim
9787,0,0,1,1,1,0,0,0,0,Não
9788,1,1,1,1,1,1,0,1,1,Sim
9799,1,0,1,1,1,1,1,0,0,Sim
9803,1,0,1,1,1,1,1,0,0,Não
9809,1,0,1,1,1,1,1,0,0,Sim
9825,1,0,1,1,1,1,0,0,0,Não
9832,1,1,1,1,0,1,1,1,1,Não
9836,1,0,1,1,1,1,1,0,0,Não
9840,1,1,1,1,1,1,1,0,0,Sim
9861,1,0,1,0,0,0,0,0,0,Não
9867,0,0,0,0,0,0,0,0,0,Não
9875,0,1,1,1,1,1,1,1,1,Sim
9880,0,1,1,1,1,1,0,1,1,Sim
9886,1,0,1,1,1,1,1,0,0,Não
9893,0,0,0,0,0,0,0,0,0,Não
9898,1,1,1,0,1,0,1,0,1,Não
9917,1,0,1,1,1,1,0,0,0,Não
9940,1,0,1,1,1,1,1,0,0,Sim
9968,0,1,1,1,1,1,1,0,0,Não
9978,0,0,1,1,1,1,1,0,0,Não
9981,1,0,1,1,1,1,1,0,0,Sim
9983,1,1,1,1,1,1,1,0,0,Não
9992,1,0,1,1,1,1,0,0,0,Sim
9998,0,0,1,1,0,0,0,0,0,Não
10000,1,0,1,1,1,1,1,0,0,Sim
10002,1,0,1,1,1,1,1,0,0,Não
10007,0,0,1,1,1,1,1,0,0,Não
10009,1,0,1,1,1,1,1,0,0,Não
10017,0,1,1,1,0,1,0,1,1,Sim
10018,1,0,1,1,1,1,0,1,0,Não
10020,1,1,1,1,1,1,1,0,0,Não
10030,1,0,1,1,1,1,1,0,0,Sim
10040,0,0,0,0,0,0,0,0,0,Não
10043,0,0,1,0,0,0,0,0,0,Não
10048,1,0,1,1,1,1,1,0,0,Sim
10074,0,0,0,0,0,0,0,0,0,Não
10077,1,0,1,1,1,1,1,0,0,Não
10096,1,0,1,1,1,1,1,0,0,Sim
10119,1,1,1,1,1,1,1,0,1,Sim
10120,1,0,1,0,0,0,1,0,0,Sim
10121,1,0,1,1,1,1,1,0,1,Sim
10144,1,0,1,1,1,0,1,0,0,Sim
10149,1,1,1,1,1,1,1,0,0,Não
10197,1,0,1,1,1,1,1,0,0,Não
10206,1,1,1,1,1,1,1,0,0,Não
10211,1,0,1,1,1,1,1,0,0,Sim
10224,0,0,0,0,0,0,0,0,0,Não
10238,1,1,1,1,1,0,0,1,1,Sim
10265,0,1,1,0,1,1,1,0,1,Não
10271,1,0,1,1,1,1,1,0,0,Sim
10291,0,1,1,1,1,1,0,1,1,Não
10328,0,1,1,1,1,1,1,0,0,Sim
10358,0,0,1,1,1,1,1,0,0,Sim
10371,1,0,0,0,0,0,0,0,0,Não
10374,1,0,1,1,0,1,1,1,0,Não
10376,1,1,1,1,1,1,1,1,0,Não
10383,0,0,0,0,0,0,0,0,0,Não
10384,1,1,1,1,1,1,1,0,0,Não
10389,1,0,1,1,1,1,1,0,0,Sim
10395,0,0,1,1,0,0,0,0,0,Não
10400,1,1,1,1,1,0,0,0,1,Sim
10410,0,1,1,1,1,1,0,0,1,Sim
10413,1,1,1,1,1,1,1,0,0,Sim
10430,1,1,1,1,1,1,1,1,1,Não
10438,0,1,1,1,0,0,0,1,0,Não
10448,1,0,1,1,1,1,1,0,0,Sim
10474,1,0,1,1,1,1,1,0,0,Sim
10476,1,0,1,1,1,1,1,0,0,Sim
10518,0,0,1,0,0,0,0,0,0,Não
10519,1,0,1,1,1,1,0,0,0,Sim
10528,0,0,1,1,0,0,0,0,0,Não
10532,1,0,1,1,0,1,1,0,0,Não
10538,1,0,1,1,1,1,1,0,0,Sim
10543,1,1,1,1,1,0,1,1,1,Sim
10560,1,1,1,1,1,1,1,0,0,Sim
10562,1,0,1,1,1,0,1,0,0,Sim
10574,1,1,1,1,1,1,0,0,0,Sim
10601,0,1,0,0,0,0,0,0,0,Sim
10610,1,0,1,1,1,0,1,0,0,Não
10612,1,0,1,1,1,1,1,0,0,Sim
10636,1,0,1,1,1,1,1,0,0,Não
10642,0,0,1,0,0,0,0,0,0,Não
10651,1,0,1,1,1,1,0,0,0,Não
10652,1,1,1,1,1,1,1,0,0,Sim
10656,1,0,1,1,1,1,1,0,0,Sim
10658,0,0,1,1,1,0,1,0,0,Não
10676,0,1,1,1,1,1,0,1,1,Sim
10687,0,0,0,0,0,0,1,0,0,Não
10696,1,0,1,1,1,1,1,0,0,Não
10716,0,1,1,1,0,0,0,0,0,Não
10737,1,0,1,1,1,1,1,0,0,Não
10744,1,0,1,1,1,1,0,0,0,Sim
10760,1,0,1,1,1,1,1,0,0,Sim
10761,1,0,1,1,0,0,1,0,0,Sim
10769,0,0,0,0,0,0,0,0,0,Não
10772,1,0,1,1,1,1,1,0,0,Sim
10776,1,0,1,1,1,1,0,1,0,Não
10784,1,0,0,0,0,0,0,0,0,Não
10810,0,0,1,1,1,1,1,0,0,Não
10817,1,1,1,1,1,1,1,0,0,Não
10835,1,0,1,1,1,1,1,0,0,Sim
10844,0,1,1,1,1,1,1,0,0,Sim
10846,0,0,0,0,0,0,0,0,0,Não
10859,1,1,1,1,1,1,1,1,1,Sim
10872,0,1,1,0,0,0,1,0,1,Sim
10873,1,1,0,1,1,1,1,0,1,Sim
10876,1,1,1,1,1,1,1,0,1,Sim
10897,1,0,1,1,0,1,1,0,0,Não
